"","survey","station","lat","long","species","date","hour"
"1297","Guapore","RBG12",-12.394347,-63.458255,"tapir","10/11/2020","4:19"
"1359","Guapore","RBG22",-12.29426,-63.315296,"tapir","4/11/2020","17:59"
"1360","Guapore","RBG22",-12.29426,-63.315296,"tapir","5/11/2020","1:07"
"1386","Guapore","RBG22",-12.29426,-63.315296,"tapir","17/11/2020","22:58"
"1389","Guapore","RBG22",-12.29426,-63.315296,"tapir","19/11/2020","21:39"
"1402","Guapore","RBG22",-12.29426,-63.315296,"tapir","2/12/2020","1:11"
"1408","Guapore","RBG22",-12.29426,-63.315296,"tapir","4/12/2020","1:30"
"1561","Guapore","RBG27",-12.346984,-63.313226,"tapir","2/11/2020","2:09"
"1565","Guapore","RBG27",-12.346984,-63.313226,"tapir","5/11/2020","22:41"
"1630","Guapore","RBG27",-12.346984,-63.313226,"tapir","3/12/2020","10:10"
"1639","Guapore","RBG27",-12.346984,-63.313226,"tapir","8/12/2020","0:09"
"1709","Guapore","RBG29",-12.314524,-63.336543,"tapir","9/11/2020","7:35"
"1715","Guapore","RBG29",-12.314524,-63.336543,"tapir","17/11/2020","4:52"
"1727","Guapore","RBG30",-12.301138,-63.244523,"tapir","30/10/2020","21:50"
"1773","Guapore","RBG30",-12.301138,-63.244523,"tapir","28/11/2020","0:19"
"1774","Guapore","RBG30",-12.301138,-63.244523,"tapir","28/11/2020","7:52"
"1824","Guapore","RBG31",-12.317907,-63.236609,"tapir","27/11/2020","5:41"
"1844","Guapore","RBG32",-12.335155,-63.239459,"tapir","1/11/2020","20:12"
"1851","Guapore","RBG32",-12.335155,-63.239459,"tapir","23/11/2020","19:01"
"2108","Guapore","RBG36",-12.286028,-63.233666,"tapir","30/10/2020","13:46"
"2113","Guapore","RBG36",-12.286028,-63.233666,"tapir","8/11/2020","5:34"
"2190","Guapore","RBG40",-12.318994,-63.360404,"tapir","4/11/2020","3:34"
"2191","Guapore","RBG40",-12.318994,-63.360404,"tapir","5/11/2020","5:38"
"2194","Guapore","RBG40",-12.318994,-63.360404,"tapir","7/11/2020","4:26"
"2195","Guapore","RBG40",-12.318994,-63.360404,"tapir","8/11/2020","2:39"
"2222","Guapore","RBG40",-12.318994,-63.360404,"tapir","1/12/2020","15:54"
"2240","Guapore","RBG41",-12.556786,-63.439165,"tapir","14/11/2020","4:02"
"2424","Guapore","RBG48",-12.539097,-63.448927,"tapir","5/11/2020","18:55"
"2427","Guapore","RBG48",-12.539097,-63.448927,"tapir","8/11/2020","0:53"
"2473","Guapore","RBG61",-12.568749,-63.232696,"tapir","14/11/2020","20:08"
"2482","Guapore","RBG61",-12.568749,-63.232696,"tapir","22/11/2020","23:05"
"2498","Guapore","RBG61",-12.568749,-63.232696,"tapir","3/12/2020","4:47"
"2652","Guapore","RBG75",-12.553764,-63.273438,"tapir","1/12/2020","2:48"
"2739","Guapore","RBG84",-12.632989,-63.397738,"tapir","16/11/2020","3:57"
"1648","Guapore","RBG28",-12.347702,-63.287797,"giant_anteater","7/11/2020","8:08"
"2398","Guapore","RBG47",-12.555819,-63.475403,"giant_anteater","10/11/2020","15:34"
"2602","Guapore","RBG70",-12.535981,-63.230252,"giant_anteater","8/11/2020","2:07"
"2614","Guapore","RBG70",-12.535981,-63.230252,"giant_anteater","16/11/2020","0:05"
"2634","Guapore","RBG70",-12.535981,-63.230252,"giant_anteater","29/11/2020","4:28"
"2423","Guapore","RBG48",-12.539097,-63.448927,"buffalo","5/11/2020","7:29"
"2425","Guapore","RBG48",-12.539097,-63.448927,"buffalo","5/11/2020","21:09"
"2426","Guapore","RBG48",-12.539097,-63.448927,"buffalo","6/11/2020","20:46"
"2429","Guapore","RBG48",-12.539097,-63.448927,"buffalo","8/11/2020","22:48"
"2430","Guapore","RBG48",-12.539097,-63.448927,"buffalo","9/11/2020","19:24"
"2431","Guapore","RBG48",-12.539097,-63.448927,"buffalo","11/11/2020","19:36"
"2432","Guapore","RBG48",-12.539097,-63.448927,"buffalo","12/11/2020","19:34"
"2471","Guapore","RBG61",-12.568749,-63.232696,"buffalo","12/11/2020","6:42"
"2501","Guapore","RBG63",-12.570261,-63.249634,"buffalo","7/11/2020","16:40"
"2502","Guapore","RBG63",-12.570261,-63.249634,"buffalo","7/11/2020","17:21"
"2503","Guapore","RBG63",-12.570261,-63.249634,"buffalo","7/11/2020","22:29"
"2504","Guapore","RBG63",-12.570261,-63.249634,"buffalo","8/11/2020","1:16"
"2505","Guapore","RBG63",-12.570261,-63.249634,"buffalo","8/11/2020","2:19"
"2507","Guapore","RBG63",-12.570261,-63.249634,"buffalo","8/11/2020","15:19"
"2508","Guapore","RBG63",-12.570261,-63.249634,"buffalo","8/11/2020","16:11"
"2509","Guapore","RBG63",-12.570261,-63.249634,"buffalo","11/11/2020","18:50"
"2510","Guapore","RBG63",-12.570261,-63.249634,"buffalo","11/11/2020","20:43"
"2511","Guapore","RBG63",-12.570261,-63.249634,"buffalo","15/11/2020","23:37"
"2512","Guapore","RBG63",-12.570261,-63.249634,"buffalo","16/11/2020","0:16"
"2529","Guapore","RBG66",-12.549829,-63.226998,"buffalo","9/11/2020","6:03"
"2530","Guapore","RBG66",-12.549829,-63.226998,"buffalo","11/11/2020","7:00"
"2531","Guapore","RBG66",-12.549829,-63.226998,"buffalo","13/11/2020","13:19"
"2532","Guapore","RBG66",-12.549829,-63.226998,"buffalo","15/11/2020","15:51"
"2541","Guapore","RBG66",-12.549829,-63.226998,"buffalo","19/11/2020","16:02"
"2542","Guapore","RBG66",-12.549829,-63.226998,"buffalo","20/11/2020","8:39"
"2544","Guapore","RBG66",-12.549829,-63.226998,"buffalo","20/11/2020","12:54"
"2545","Guapore","RBG66",-12.549829,-63.226998,"buffalo","20/11/2020","15:31"
"2549","Guapore","RBG66",-12.549829,-63.226998,"buffalo","22/11/2020","7:01"
"2554","Guapore","RBG66",-12.549829,-63.226998,"buffalo","23/11/2020","13:37"
"2556","Guapore","RBG66",-12.549829,-63.226998,"buffalo","23/11/2020","17:24"
"2557","Guapore","RBG66",-12.549829,-63.226998,"buffalo","24/11/2020","6:44"
"2562","Guapore","RBG66",-12.549829,-63.226998,"buffalo","26/11/2020","14:58"
"2563","Guapore","RBG66",-12.549829,-63.226998,"buffalo","27/11/2020","15:15"
"2566","Guapore","RBG66",-12.549829,-63.226998,"buffalo","1/12/2020","17:55"
"2571","Guapore","RBG66",-12.549829,-63.226998,"buffalo","4/12/2020","17:10"
"2574","Guapore","RBG67",-12.551489,-63.205205,"buffalo","12/11/2020","5:15"
"2575","Guapore","RBG67",-12.551489,-63.205205,"buffalo","13/11/2020","15:10"
"2576","Guapore","RBG67",-12.551489,-63.205205,"buffalo","13/11/2020","15:59"
"2577","Guapore","RBG67",-12.551489,-63.205205,"buffalo","13/11/2020","20:27"
"2578","Guapore","RBG67",-12.551489,-63.205205,"buffalo","14/11/2020","15:38"
"2579","Guapore","RBG67",-12.551489,-63.205205,"buffalo","15/11/2020","6:48"
"2580","Guapore","RBG67",-12.551489,-63.205205,"buffalo","16/11/2020","3:31"
"2581","Guapore","RBG67",-12.551489,-63.205205,"buffalo","16/11/2020","5:12"
"2584","Guapore","RBG67",-12.551489,-63.205205,"buffalo","25/11/2020","17:15"
"2585","Guapore","RBG67",-12.551489,-63.205205,"buffalo","26/11/2020","4:41"
"2586","Guapore","RBG67",-12.551489,-63.205205,"buffalo","27/11/2020","4:35"
"2587","Guapore","RBG67",-12.551489,-63.205205,"buffalo","28/11/2020","4:36"
"2588","Guapore","RBG67",-12.551489,-63.205205,"buffalo","29/11/2020","6:30"
"2589","Guapore","RBG67",-12.551489,-63.205205,"buffalo","29/11/2020","12:17"
"2591","Guapore","RBG67",-12.551489,-63.205205,"buffalo","1/12/2020","1:03"
"2599","Guapore","RBG70",-12.535981,-63.230252,"buffalo","6/11/2020","11:22"
"2640","Guapore","RBG75",-12.553764,-63.273438,"buffalo","11/11/2020","2:32"
"2641","Guapore","RBG75",-12.553764,-63.273438,"buffalo","14/11/2020","5:08"
"2642","Guapore","RBG75",-12.553764,-63.273438,"buffalo","15/11/2020","3:58"
"2650","Guapore","RBG75",-12.553764,-63.273438,"buffalo","29/11/2020","0:18"
"2653","Guapore","RBG75",-12.553764,-63.273438,"buffalo","1/12/2020","5:35"
"2654","Guapore","RBG75",-12.553764,-63.273438,"buffalo","3/12/2020","2:25"
"2655","Guapore","RBG75",-12.553764,-63.273438,"buffalo","4/12/2020","5:23"
"2656","Guapore","RBG75",-12.553764,-63.273438,"buffalo","6/12/2020","7:28"
"2660","Guapore","RBG81",-12.541601,-63.315,"buffalo","8/11/2020","0:18"
"2661","Guapore","RBG81",-12.541601,-63.315,"buffalo","9/11/2020","6:25"
"2665","Guapore","RBG81",-12.541601,-63.315,"buffalo","15/11/2020","5:30"
"2666","Guapore","RBG81",-12.541601,-63.315,"buffalo","17/11/2020","7:23"
"2668","Guapore","RBG81",-12.541601,-63.315,"buffalo","19/11/2020","20:51"
"2674","Guapore","RBG81",-12.541601,-63.315,"buffalo","26/11/2020","22:12"
"2677","Guapore","RBG81",-12.541601,-63.315,"buffalo","2/12/2020","0:02"
"2679","Guapore","RBG81",-12.541601,-63.315,"buffalo","3/12/2020","0:23"
"2680","Guapore","RBG81",-12.541601,-63.315,"buffalo","3/12/2020","6:32"
"2681","Guapore","RBG81",-12.541601,-63.315,"buffalo","3/12/2020","8:39"
"2683","Guapore","RBG81",-12.541601,-63.315,"buffalo","4/12/2020","22:10"
"2688","Guapore","RBG83",-12.56485,-63.264215,"buffalo","7/11/2020","9:00"
"2692","Guapore","RBG83",-12.56485,-63.264215,"buffalo","7/11/2020","22:01"
"2693","Guapore","RBG83",-12.56485,-63.264215,"buffalo","8/11/2020","7:50"
"2694","Guapore","RBG83",-12.56485,-63.264215,"buffalo","8/11/2020","12:57"
"2696","Guapore","RBG83",-12.56485,-63.264215,"buffalo","8/11/2020","13:26"
"2697","Guapore","RBG83",-12.56485,-63.264215,"buffalo","9/11/2020","1:19"
"2701","Guapore","RBG83",-12.56485,-63.264215,"buffalo","10/11/2020","18:25"
"2702","Guapore","RBG83",-12.56485,-63.264215,"buffalo","11/11/2020","6:13"
"2703","Guapore","RBG83",-12.56485,-63.264215,"buffalo","12/11/2020","8:23"
"2704","Guapore","RBG83",-12.56485,-63.264215,"buffalo","12/11/2020","8:54"
"2705","Guapore","RBG83",-12.56485,-63.264215,"buffalo","12/11/2020","13:35"
"2708","Guapore","RBG83",-12.56485,-63.264215,"buffalo","15/11/2020","13:32"
"2712","Guapore","RBG83",-12.56485,-63.264215,"buffalo","20/11/2020","9:57"
"2715","Guapore","RBG83",-12.56485,-63.264215,"buffalo","20/11/2020","19:15"
"2723","Guapore","RBG83",-12.56485,-63.264215,"buffalo","24/11/2020","5:56"
"2725","Guapore","RBG83",-12.56485,-63.264215,"buffalo","26/11/2020","5:51"
"2728","Guapore","RBG83",-12.56485,-63.264215,"buffalo","28/11/2020","14:11"
"1467","Guapore","RBG26",-12.334778,-63.325406,"giant_armadillo","7/11/2020","22:04"
"1497","Guapore","RBG26",-12.334778,-63.325406,"giant_armadillo","25/11/2020","3:38"
"2225","Guapore","RBG40",-12.318994,-63.360404,"giant_armadillo","4/12/2020","4:31"
"1399","Guapore","RBG22",-12.29426,-63.315296,"collared_pecary","30/11/2020","15:00"
"1432","Guapore","RBG23",-12.308763,-63.321249,"collared_pecary","9/11/2020","5:10"
"1449","Guapore","RBG23",-12.308763,-63.321249,"collared_pecary","1/12/2020","11:48"
"1451","Guapore","RBG23",-12.308763,-63.321249,"collared_pecary","3/12/2020","12:35"
"1452","Guapore","RBG23",-12.308763,-63.321249,"collared_pecary","3/12/2020","14:40"
"1453","Guapore","RBG23",-12.308763,-63.321249,"collared_pecary","4/12/2020","7:02"
"1454","Guapore","RBG23",-12.308763,-63.321249,"collared_pecary","4/12/2020","18:22"
"1516","Guapore","RBG24",-12.322012,-63.314734,"collared_pecary","3/11/2020","7:15"
"1517","Guapore","RBG24",-12.322012,-63.314734,"collared_pecary","3/11/2020","17:56"
"1519","Guapore","RBG24",-12.322012,-63.314734,"collared_pecary","12/11/2020","12:20"
"1521","Guapore","RBG24",-12.322012,-63.314734,"collared_pecary","12/11/2020","21:07"
"1523","Guapore","RBG24",-12.322012,-63.314734,"collared_pecary","14/11/2020","7:26"
"1525","Guapore","RBG24",-12.322012,-63.314734,"collared_pecary","19/11/2020","7:40"
"1526","Guapore","RBG24",-12.322012,-63.314734,"collared_pecary","20/11/2020","11:47"
"1529","Guapore","RBG24",-12.322012,-63.314734,"collared_pecary","25/11/2020","7:25"
"1532","Guapore","RBG24",-12.322012,-63.314734,"collared_pecary","2/12/2020","8:24"
"1534","Guapore","RBG24",-12.322012,-63.314734,"collared_pecary","4/12/2020","10:41"
"1537","Guapore","RBG24",-12.322012,-63.314734,"collared_pecary","8/12/2020","9:59"
"1546","Guapore","RBG25",-12.332126,-63.297824,"collared_pecary","20/11/2020","8:08"
"1558","Guapore","RBG25",-12.332126,-63.297824,"collared_pecary","9/12/2020","8:47"
"1626","Guapore","RBG27",-12.346984,-63.313226,"collared_pecary","30/11/2020","17:31"
"1637","Guapore","RBG27",-12.346984,-63.313226,"collared_pecary","7/12/2020","12:15"
"1724","Guapore","RBG29",-12.314524,-63.336543,"collared_pecary","5/12/2020","18:00"
"1847","Guapore","RBG32",-12.335155,-63.239459,"collared_pecary","15/11/2020","13:59"
"2153","Guapore","RBG38",-12.320746,-63.376997,"collared_pecary","19/11/2020","21:15"
"2154","Guapore","RBG38",-12.320746,-63.376997,"collared_pecary","20/11/2020","11:11"
"2155","Guapore","RBG38",-12.320746,-63.376997,"collared_pecary","21/11/2020","5:45"
"2156","Guapore","RBG38",-12.320746,-63.376997,"collared_pecary","21/11/2020","9:13"
"2157","Guapore","RBG38",-12.320746,-63.376997,"collared_pecary","21/11/2020","20:17"
"2158","Guapore","RBG38",-12.320746,-63.376997,"collared_pecary","22/11/2020","5:18"
"2161","Guapore","RBG38",-12.320746,-63.376997,"collared_pecary","22/11/2020","9:30"
"2162","Guapore","RBG38",-12.320746,-63.376997,"collared_pecary","24/11/2020","1:07"
"2164","Guapore","RBG38",-12.320746,-63.376997,"collared_pecary","28/11/2020","19:42"
"2165","Guapore","RBG38",-12.320746,-63.376997,"collared_pecary","28/11/2020","21:14"
"2166","Guapore","RBG38",-12.320746,-63.376997,"collared_pecary","30/11/2020","18:03"
"2167","Guapore","RBG38",-12.320746,-63.376997,"collared_pecary","30/11/2020","23:33"
"2168","Guapore","RBG38",-12.320746,-63.376997,"collared_pecary","1/12/2020","4:28"
"2184","Guapore","RBG39",-12.340336,-63.370823,"collared_pecary","5/12/2020","8:54"
"2188","Guapore","RBG40",-12.318994,-63.360404,"collared_pecary","1/11/2020","8:42"
"2189","Guapore","RBG40",-12.318994,-63.360404,"collared_pecary","2/11/2020","15:34"
"2196","Guapore","RBG40",-12.318994,-63.360404,"collared_pecary","8/11/2020","6:52"
"2200","Guapore","RBG40",-12.318994,-63.360404,"collared_pecary","10/11/2020","9:41"
"2201","Guapore","RBG40",-12.318994,-63.360404,"collared_pecary","11/11/2020","10:03"
"2202","Guapore","RBG40",-12.318994,-63.360404,"collared_pecary","12/11/2020","7:30"
"2203","Guapore","RBG40",-12.318994,-63.360404,"collared_pecary","12/11/2020","16:15"
"2204","Guapore","RBG40",-12.318994,-63.360404,"collared_pecary","12/11/2020","23:33"
"2206","Guapore","RBG40",-12.318994,-63.360404,"collared_pecary","14/11/2020","7:56"
"2212","Guapore","RBG40",-12.318994,-63.360404,"collared_pecary","19/11/2020","16:46"
"2213","Guapore","RBG40",-12.318994,-63.360404,"collared_pecary","20/11/2020","5:10"
"2214","Guapore","RBG40",-12.318994,-63.360404,"collared_pecary","20/11/2020","10:13"
"2312","Guapore","RBG46",-12.557167,-63.457458,"collared_pecary","19/11/2020","15:48"
"2326","Guapore","RBG46",-12.557167,-63.457458,"collared_pecary","23/11/2020","17:56"
"2334","Guapore","RBG46",-12.557167,-63.457458,"collared_pecary","25/11/2020","16:45"
"2360","Guapore","RBG46",-12.557167,-63.457458,"collared_pecary","1/12/2020","8:58"
"2598","Guapore","RBG67",-12.551489,-63.205205,"marsh_deer","6/12/2020","17:42"
"1287","Guapore","RBG00",-12.549831,-63.435928,"agouti","4/12/2020","7:17"
"1288","Guapore","RBG00",-12.549831,-63.435928,"agouti","4/12/2020","8:52"
"1311","Guapore","RBG21",-12.303438,-63.346578,"agouti","2/11/2020","16:40"
"1318","Guapore","RBG21",-12.303438,-63.346578,"agouti","11/11/2020","5:57"
"1332","Guapore","RBG21",-12.303438,-63.346578,"agouti","21/11/2020","10:05"
"1334","Guapore","RBG21",-12.303438,-63.346578,"agouti","24/11/2020","12:20"
"1340","Guapore","RBG21",-12.303438,-63.346578,"agouti","30/11/2020","5:48"
"1343","Guapore","RBG21",-12.303438,-63.346578,"agouti","1/12/2020","14:59"
"1344","Guapore","RBG21",-12.303438,-63.346578,"agouti","4/12/2020","5:31"
"1345","Guapore","RBG21",-12.303438,-63.346578,"agouti","4/12/2020","6:38"
"1346","Guapore","RBG21",-12.303438,-63.346578,"agouti","4/12/2020","15:21"
"1348","Guapore","RBG21",-12.303438,-63.346578,"agouti","5/12/2020","9:50"
"1349","Guapore","RBG21",-12.303438,-63.346578,"agouti","5/12/2020","13:50"
"1350","Guapore","RBG21",-12.303438,-63.346578,"agouti","6/12/2020","5:51"
"1403","Guapore","RBG22",-12.29426,-63.315296,"agouti","2/12/2020","7:53"
"1410","Guapore","RBG23",-12.308763,-63.321249,"agouti","29/10/2020","9:20"
"1411","Guapore","RBG23",-12.308763,-63.321249,"agouti","29/10/2020","10:26"
"1412","Guapore","RBG23",-12.308763,-63.321249,"agouti","29/10/2020","11:50"
"1413","Guapore","RBG23",-12.308763,-63.321249,"agouti","29/10/2020","16:11"
"1414","Guapore","RBG23",-12.308763,-63.321249,"agouti","30/10/2020","13:00"
"1415","Guapore","RBG23",-12.308763,-63.321249,"agouti","30/10/2020","17:02"
"1416","Guapore","RBG23",-12.308763,-63.321249,"agouti","31/10/2020","6:27"
"1417","Guapore","RBG23",-12.308763,-63.321249,"agouti","31/10/2020","15:52"
"1418","Guapore","RBG23",-12.308763,-63.321249,"agouti","31/10/2020","16:24"
"1419","Guapore","RBG23",-12.308763,-63.321249,"agouti","1/11/2020","7:38"
"1420","Guapore","RBG23",-12.308763,-63.321249,"agouti","1/11/2020","17:41"
"1421","Guapore","RBG23",-12.308763,-63.321249,"agouti","2/11/2020","5:50"
"1422","Guapore","RBG23",-12.308763,-63.321249,"agouti","2/11/2020","18:07"
"1424","Guapore","RBG23",-12.308763,-63.321249,"agouti","3/11/2020","6:05"
"1425","Guapore","RBG23",-12.308763,-63.321249,"agouti","3/11/2020","15:35"
"1426","Guapore","RBG23",-12.308763,-63.321249,"agouti","3/11/2020","18:17"
"1427","Guapore","RBG23",-12.308763,-63.321249,"agouti","5/11/2020","6:21"
"1429","Guapore","RBG23",-12.308763,-63.321249,"agouti","6/11/2020","5:54"
"1431","Guapore","RBG23",-12.308763,-63.321249,"agouti","8/11/2020","20:42"
"1433","Guapore","RBG23",-12.308763,-63.321249,"agouti","9/11/2020","8:19"
"1434","Guapore","RBG23",-12.308763,-63.321249,"agouti","9/11/2020","17:50"
"1435","Guapore","RBG23",-12.308763,-63.321249,"agouti","11/11/2020","8:52"
"1436","Guapore","RBG23",-12.308763,-63.321249,"agouti","14/11/2020","7:40"
"1438","Guapore","RBG23",-12.308763,-63.321249,"agouti","16/11/2020","7:38"
"1439","Guapore","RBG23",-12.308763,-63.321249,"agouti","16/11/2020","10:29"
"1440","Guapore","RBG23",-12.308763,-63.321249,"agouti","16/11/2020","17:46"
"1442","Guapore","RBG23",-12.308763,-63.321249,"agouti","19/11/2020","17:10"
"1443","Guapore","RBG23",-12.308763,-63.321249,"agouti","23/11/2020","5:58"
"1444","Guapore","RBG23",-12.308763,-63.321249,"agouti","24/11/2020","5:43"
"1446","Guapore","RBG23",-12.308763,-63.321249,"agouti","29/11/2020","5:37"
"1450","Guapore","RBG23",-12.308763,-63.321249,"agouti","3/12/2020","7:15"
"1458","Guapore","RBG26",-12.334778,-63.325406,"agouti","3/11/2020","5:53"
"1461","Guapore","RBG26",-12.334778,-63.325406,"agouti","4/11/2020","5:33"
"1470","Guapore","RBG26",-12.334778,-63.325406,"agouti","10/11/2020","5:51"
"1472","Guapore","RBG26",-12.334778,-63.325406,"agouti","11/11/2020","6:56"
"1481","Guapore","RBG26",-12.334778,-63.325406,"agouti","17/11/2020","5:34"
"1482","Guapore","RBG26",-12.334778,-63.325406,"agouti","17/11/2020","6:50"
"1485","Guapore","RBG26",-12.334778,-63.325406,"agouti","19/11/2020","5:31"
"1489","Guapore","RBG26",-12.334778,-63.325406,"agouti","21/11/2020","18:25"
"1492","Guapore","RBG26",-12.334778,-63.325406,"agouti","22/11/2020","5:30"
"1494","Guapore","RBG26",-12.334778,-63.325406,"agouti","23/11/2020","5:21"
"1495","Guapore","RBG26",-12.334778,-63.325406,"agouti","23/11/2020","6:59"
"1498","Guapore","RBG26",-12.334778,-63.325406,"agouti","25/11/2020","5:31"
"1502","Guapore","RBG26",-12.334778,-63.325406,"agouti","1/12/2020","6:26"
"1503","Guapore","RBG26",-12.334778,-63.325406,"agouti","1/12/2020","18:08"
"1504","Guapore","RBG26",-12.334778,-63.325406,"agouti","2/12/2020","6:59"
"1510","Guapore","RBG26",-12.334778,-63.325406,"agouti","6/12/2020","5:49"
"1511","Guapore","RBG26",-12.334778,-63.325406,"agouti","8/12/2020","5:33"
"1512","Guapore","RBG26",-12.334778,-63.325406,"agouti","8/12/2020","6:33"
"1518","Guapore","RBG24",-12.322012,-63.314734,"agouti","10/11/2020","7:07"
"1522","Guapore","RBG24",-12.322012,-63.314734,"agouti","13/11/2020","20:19"
"1550","Guapore","RBG25",-12.332126,-63.297824,"agouti","24/11/2020","6:36"
"1562","Guapore","RBG27",-12.346984,-63.313226,"agouti","3/11/2020","14:33"
"1566","Guapore","RBG27",-12.346984,-63.313226,"agouti","6/11/2020","8:57"
"1569","Guapore","RBG27",-12.346984,-63.313226,"agouti","6/11/2020","13:19"
"1572","Guapore","RBG27",-12.346984,-63.313226,"agouti","8/11/2020","12:02"
"1578","Guapore","RBG27",-12.346984,-63.313226,"agouti","10/11/2020","10:51"
"1584","Guapore","RBG27",-12.346984,-63.313226,"agouti","12/11/2020","11:41"
"1587","Guapore","RBG27",-12.346984,-63.313226,"agouti","14/11/2020","7:34"
"1590","Guapore","RBG27",-12.346984,-63.313226,"agouti","16/11/2020","16:12"
"1593","Guapore","RBG27",-12.346984,-63.313226,"agouti","19/11/2020","6:28"
"1602","Guapore","RBG27",-12.346984,-63.313226,"agouti","21/11/2020","7:42"
"1615","Guapore","RBG27",-12.346984,-63.313226,"agouti","26/11/2020","12:10"
"1632","Guapore","RBG27",-12.346984,-63.313226,"agouti","4/12/2020","7:20"
"1644","Guapore","RBG28",-12.347702,-63.287797,"agouti","4/11/2020","5:44"
"1652","Guapore","RBG28",-12.347702,-63.287797,"agouti","9/11/2020","5:26"
"1654","Guapore","RBG28",-12.347702,-63.287797,"agouti","10/11/2020","5:52"
"1655","Guapore","RBG28",-12.347702,-63.287797,"agouti","10/11/2020","7:15"
"1656","Guapore","RBG28",-12.347702,-63.287797,"agouti","10/11/2020","8:40"
"1665","Guapore","RBG28",-12.347702,-63.287797,"agouti","12/11/2020","12:18"
"1666","Guapore","RBG28",-12.347702,-63.287797,"agouti","13/11/2020","9:21"
"1673","Guapore","RBG28",-12.347702,-63.287797,"agouti","17/11/2020","8:07"
"1674","Guapore","RBG28",-12.347702,-63.287797,"agouti","17/11/2020","18:45"
"1676","Guapore","RBG28",-12.347702,-63.287797,"agouti","19/11/2020","15:02"
"1681","Guapore","RBG28",-12.347702,-63.287797,"agouti","22/11/2020","8:42"
"1683","Guapore","RBG28",-12.347702,-63.287797,"agouti","24/11/2020","15:39"
"1694","Guapore","RBG28",-12.347702,-63.287797,"agouti","2/12/2020","5:46"
"1697","Guapore","RBG28",-12.347702,-63.287797,"agouti","7/12/2020","10:10"
"1699","Guapore","RBG28",-12.347702,-63.287797,"agouti","8/12/2020","8:54"
"1700","Guapore","RBG28",-12.347702,-63.287797,"agouti","8/12/2020","9:32"
"1703","Guapore","RBG29",-12.314524,-63.336543,"agouti","1/11/2020","2:18"
"1704","Guapore","RBG29",-12.314524,-63.336543,"agouti","3/11/2020","8:25"
"1706","Guapore","RBG29",-12.314524,-63.336543,"agouti","5/11/2020","8:49"
"1712","Guapore","RBG29",-12.314524,-63.336543,"agouti","15/11/2020","8:51"
"1725","Guapore","RBG29",-12.314524,-63.336543,"agouti","5/12/2020","18:35"
"2080","Guapore","RBG35",-12.326922,-63.276976,"agouti","22/11/2020","6:44"
"2152","Guapore","RBG38",-12.320746,-63.376997,"agouti","11/11/2020","11:04"
"2169","Guapore","RBG38",-12.320746,-63.376997,"agouti","1/12/2020","8:13"
"2177","Guapore","RBG39",-12.340336,-63.370823,"agouti","14/11/2020","6:40"
"2179","Guapore","RBG39",-12.340336,-63.370823,"agouti","19/11/2020","6:00"
"2186","Guapore","RBG39",-12.340336,-63.370823,"agouti","9/12/2020","8:55"
"2208","Guapore","RBG40",-12.318994,-63.360404,"agouti","15/11/2020","16:02"
"2211","Guapore","RBG40",-12.318994,-63.360404,"agouti","16/11/2020","15:09"
"2215","Guapore","RBG40",-12.318994,-63.360404,"agouti","21/11/2020","6:41"
"2216","Guapore","RBG40",-12.318994,-63.360404,"agouti","21/11/2020","9:30"
"2218","Guapore","RBG40",-12.318994,-63.360404,"agouti","26/11/2020","10:50"
"2219","Guapore","RBG40",-12.318994,-63.360404,"agouti","27/11/2020","16:56"
"2221","Guapore","RBG40",-12.318994,-63.360404,"agouti","1/12/2020","8:15"
"2223","Guapore","RBG40",-12.318994,-63.360404,"agouti","1/12/2020","17:19"
"2224","Guapore","RBG40",-12.318994,-63.360404,"agouti","2/12/2020","7:14"
"2226","Guapore","RBG40",-12.318994,-63.360404,"agouti","4/12/2020","13:25"
"2259","Guapore","RBG41",-12.556786,-63.439165,"agouti","24/11/2020","6:49"
"2261","Guapore","RBG41",-12.556786,-63.439165,"agouti","28/11/2020","8:42"
"2262","Guapore","RBG41",-12.556786,-63.439165,"agouti","28/11/2020","14:21"
"2263","Guapore","RBG41",-12.556786,-63.439165,"agouti","29/11/2020","7:12"
"2272","Guapore","RBG41",-12.556786,-63.439165,"agouti","8/12/2020","17:55"
"2284","Guapore","RBG42",-12.540374,-63.431624,"agouti","3/12/2020","10:03"
"2300","Guapore","RBG46",-12.557167,-63.457458,"agouti","14/11/2020","10:10"
"2303","Guapore","RBG46",-12.557167,-63.457458,"agouti","16/11/2020","9:31"
"2304","Guapore","RBG46",-12.557167,-63.457458,"agouti","16/11/2020","18:10"
"2309","Guapore","RBG46",-12.557167,-63.457458,"agouti","19/11/2020","9:08"
"2319","Guapore","RBG46",-12.557167,-63.457458,"agouti","21/11/2020","7:13"
"2320","Guapore","RBG46",-12.557167,-63.457458,"agouti","21/11/2020","8:32"
"2322","Guapore","RBG46",-12.557167,-63.457458,"agouti","22/11/2020","16:01"
"2325","Guapore","RBG46",-12.557167,-63.457458,"agouti","23/11/2020","15:41"
"2330","Guapore","RBG46",-12.557167,-63.457458,"agouti","24/11/2020","10:30"
"2333","Guapore","RBG46",-12.557167,-63.457458,"agouti","25/11/2020","6:02"
"2336","Guapore","RBG46",-12.557167,-63.457458,"agouti","26/11/2020","10:27"
"2337","Guapore","RBG46",-12.557167,-63.457458,"agouti","26/11/2020","17:23"
"2338","Guapore","RBG46",-12.557167,-63.457458,"agouti","26/11/2020","18:08"
"2339","Guapore","RBG46",-12.557167,-63.457458,"agouti","27/11/2020","9:03"
"2340","Guapore","RBG46",-12.557167,-63.457458,"agouti","27/11/2020","15:00"
"2343","Guapore","RBG46",-12.557167,-63.457458,"agouti","28/11/2020","7:41"
"2345","Guapore","RBG46",-12.557167,-63.457458,"agouti","28/11/2020","10:07"
"2346","Guapore","RBG46",-12.557167,-63.457458,"agouti","28/11/2020","10:40"
"2347","Guapore","RBG46",-12.557167,-63.457458,"agouti","28/11/2020","13:11"
"2348","Guapore","RBG46",-12.557167,-63.457458,"agouti","28/11/2020","16:59"
"2349","Guapore","RBG46",-12.557167,-63.457458,"agouti","28/11/2020","17:29"
"2350","Guapore","RBG46",-12.557167,-63.457458,"agouti","29/11/2020","6:53"
"2351","Guapore","RBG46",-12.557167,-63.457458,"agouti","29/11/2020","9:20"
"2352","Guapore","RBG46",-12.557167,-63.457458,"agouti","29/11/2020","18:01"
"2354","Guapore","RBG46",-12.557167,-63.457458,"agouti","30/11/2020","6:02"
"2355","Guapore","RBG46",-12.557167,-63.457458,"agouti","30/11/2020","9:24"
"2356","Guapore","RBG46",-12.557167,-63.457458,"agouti","30/11/2020","11:22"
"2357","Guapore","RBG46",-12.557167,-63.457458,"agouti","30/11/2020","15:58"
"2358","Guapore","RBG46",-12.557167,-63.457458,"agouti","30/11/2020","17:15"
"2361","Guapore","RBG46",-12.557167,-63.457458,"agouti","1/12/2020","11:18"
"2363","Guapore","RBG46",-12.557167,-63.457458,"agouti","2/12/2020","6:41"
"2364","Guapore","RBG46",-12.557167,-63.457458,"agouti","2/12/2020","7:13"
"2365","Guapore","RBG46",-12.557167,-63.457458,"agouti","2/12/2020","16:59"
"2366","Guapore","RBG46",-12.557167,-63.457458,"agouti","3/12/2020","6:31"
"2367","Guapore","RBG46",-12.557167,-63.457458,"agouti","3/12/2020","9:52"
"2368","Guapore","RBG46",-12.557167,-63.457458,"agouti","3/12/2020","10:28"
"2369","Guapore","RBG46",-12.557167,-63.457458,"agouti","3/12/2020","11:20"
"2370","Guapore","RBG46",-12.557167,-63.457458,"agouti","3/12/2020","16:47"
"2372","Guapore","RBG46",-12.557167,-63.457458,"agouti","4/12/2020","7:04"
"2373","Guapore","RBG46",-12.557167,-63.457458,"agouti","4/12/2020","10:34"
"2374","Guapore","RBG46",-12.557167,-63.457458,"agouti","4/12/2020","12:53"
"2376","Guapore","RBG46",-12.557167,-63.457458,"agouti","4/12/2020","17:12"
"2378","Guapore","RBG46",-12.557167,-63.457458,"agouti","5/12/2020","13:07"
"2379","Guapore","RBG46",-12.557167,-63.457458,"agouti","5/12/2020","14:28"
"2380","Guapore","RBG46",-12.557167,-63.457458,"agouti","5/12/2020","14:52"
"2381","Guapore","RBG46",-12.557167,-63.457458,"agouti","5/12/2020","16:34"
"2382","Guapore","RBG46",-12.557167,-63.457458,"agouti","5/12/2020","17:34"
"2385","Guapore","RBG46",-12.557167,-63.457458,"agouti","6/12/2020","5:52"
"2386","Guapore","RBG46",-12.557167,-63.457458,"agouti","6/12/2020","6:35"
"2387","Guapore","RBG46",-12.557167,-63.457458,"agouti","6/12/2020","7:15"
"2388","Guapore","RBG46",-12.557167,-63.457458,"agouti","6/12/2020","10:18"
"2389","Guapore","RBG46",-12.557167,-63.457458,"agouti","6/12/2020","11:32"
"2390","Guapore","RBG46",-12.557167,-63.457458,"agouti","6/12/2020","14:33"
"2391","Guapore","RBG46",-12.557167,-63.457458,"agouti","6/12/2020","15:36"
"2392","Guapore","RBG46",-12.557167,-63.457458,"agouti","6/12/2020","17:57"
"2393","Guapore","RBG46",-12.557167,-63.457458,"agouti","7/12/2020","6:47"
"2394","Guapore","RBG46",-12.557167,-63.457458,"agouti","7/12/2020","8:51"
"2399","Guapore","RBG47",-12.555819,-63.475403,"agouti","11/11/2020","17:36"
"2402","Guapore","RBG47",-12.555819,-63.475403,"agouti","15/11/2020","8:21"
"2405","Guapore","RBG47",-12.555819,-63.475403,"agouti","15/11/2020","13:23"
"2407","Guapore","RBG47",-12.555819,-63.475403,"agouti","18/11/2020","15:45"
"2410","Guapore","RBG47",-12.555819,-63.475403,"agouti","20/11/2020","9:40"
"2415","Guapore","RBG47",-12.555819,-63.475403,"agouti","1/12/2020","7:01"
"2417","Guapore","RBG47",-12.555819,-63.475403,"agouti","3/12/2020","16:53"
"2422","Guapore","RBG47",-12.555819,-63.475403,"agouti","7/12/2020","7:59"
"2445","Guapore","RBG60",-12.568403,-63.21356,"agouti","9/11/2020","16:24"
"2449","Guapore","RBG60",-12.568403,-63.21356,"agouti","12/11/2020","6:45"
"2456","Guapore","RBG60",-12.568403,-63.21356,"agouti","22/11/2020","5:24"
"2457","Guapore","RBG60",-12.568403,-63.21356,"agouti","23/11/2020","2:38"
"2458","Guapore","RBG60",-12.568403,-63.21356,"agouti","23/11/2020","8:12"
"2461","Guapore","RBG60",-12.568403,-63.21356,"agouti","25/11/2020","2:15"
"2468","Guapore","RBG60",-12.568403,-63.21356,"agouti","6/12/2020","9:38"
"2470","Guapore","RBG61",-12.568749,-63.232696,"agouti","11/11/2020","10:58"
"2474","Guapore","RBG61",-12.568749,-63.232696,"agouti","14/11/2020","6:46"
"2477","Guapore","RBG61",-12.568749,-63.232696,"agouti","18/11/2020","7:29"
"2483","Guapore","RBG61",-12.568749,-63.232696,"agouti","23/11/2020","8:04"
"2488","Guapore","RBG61",-12.568749,-63.232696,"agouti","24/11/2020","6:27"
"2489","Guapore","RBG61",-12.568749,-63.232696,"agouti","27/11/2020","18:18"
"2490","Guapore","RBG61",-12.568749,-63.232696,"agouti","28/11/2020","8:19"
"2491","Guapore","RBG61",-12.568749,-63.232696,"agouti","29/11/2020","6:32"
"2492","Guapore","RBG61",-12.568749,-63.232696,"agouti","30/11/2020","6:53"
"2496","Guapore","RBG61",-12.568749,-63.232696,"agouti","2/12/2020","6:52"
"2499","Guapore","RBG61",-12.568749,-63.232696,"agouti","3/12/2020","7:02"
"2600","Guapore","RBG70",-12.535981,-63.230252,"agouti","7/11/2020","17:55"
"2603","Guapore","RBG70",-12.535981,-63.230252,"agouti","8/11/2020","6:11"
"2604","Guapore","RBG70",-12.535981,-63.230252,"agouti","10/11/2020","16:17"
"2606","Guapore","RBG70",-12.535981,-63.230252,"agouti","11/11/2020","8:40"
"2608","Guapore","RBG70",-12.535981,-63.230252,"agouti","13/11/2020","8:52"
"2609","Guapore","RBG70",-12.535981,-63.230252,"agouti","13/11/2020","17:10"
"2611","Guapore","RBG70",-12.535981,-63.230252,"agouti","14/11/2020","6:47"
"2618","Guapore","RBG70",-12.535981,-63.230252,"agouti","18/11/2020","8:39"
"2619","Guapore","RBG70",-12.535981,-63.230252,"agouti","18/11/2020","10:22"
"2620","Guapore","RBG70",-12.535981,-63.230252,"agouti","19/11/2020","8:29"
"2621","Guapore","RBG70",-12.535981,-63.230252,"agouti","19/11/2020","10:22"
"2625","Guapore","RBG70",-12.535981,-63.230252,"agouti","20/11/2020","9:04"
"2630","Guapore","RBG70",-12.535981,-63.230252,"agouti","26/11/2020","6:26"
"2633","Guapore","RBG70",-12.535981,-63.230252,"agouti","28/11/2020","7:03"
"2635","Guapore","RBG70",-12.535981,-63.230252,"agouti","29/11/2020","9:58"
"2636","Guapore","RBG70",-12.535981,-63.230252,"agouti","1/12/2020","6:11"
"2637","Guapore","RBG70",-12.535981,-63.230252,"agouti","1/12/2020","9:52"
"2638","Guapore","RBG70",-12.535981,-63.230252,"agouti","3/12/2020","13:09"
"2643","Guapore","RBG75",-12.553764,-63.273438,"agouti","16/11/2020","5:23"
"2644","Guapore","RBG75",-12.553764,-63.273438,"agouti","17/11/2020","5:34"
"2648","Guapore","RBG75",-12.553764,-63.273438,"agouti","24/11/2020","16:21"
"2649","Guapore","RBG75",-12.553764,-63.273438,"agouti","26/11/2020","5:07"
"2651","Guapore","RBG75",-12.553764,-63.273438,"agouti","29/11/2020","6:25"
"2657","Guapore","RBG80",-12.555822,-63.308208,"agouti","19/11/2020","11:56"
"2662","Guapore","RBG81",-12.541601,-63.315,"agouti","12/11/2020","12:48"
"2663","Guapore","RBG81",-12.541601,-63.315,"agouti","12/11/2020","17:45"
"2667","Guapore","RBG81",-12.541601,-63.315,"agouti","19/11/2020","7:14"
"2670","Guapore","RBG81",-12.541601,-63.315,"agouti","23/11/2020","5:32"
"2671","Guapore","RBG81",-12.541601,-63.315,"agouti","24/11/2020","5:34"
"2672","Guapore","RBG81",-12.541601,-63.315,"agouti","25/11/2020","5:35"
"2673","Guapore","RBG81",-12.541601,-63.315,"agouti","26/11/2020","9:17"
"2675","Guapore","RBG81",-12.541601,-63.315,"agouti","28/11/2020","8:26"
"2676","Guapore","RBG81",-12.541601,-63.315,"agouti","1/12/2020","10:44"
"2717","Guapore","RBG83",-12.56485,-63.264215,"agouti","21/11/2020","16:36"
"1388","Guapore","RBG22",-12.29426,-63.315296,"tayra","19/11/2020","12:36"
"1401","Guapore","RBG22",-12.29426,-63.315296,"tayra","1/12/2020","17:03"
"1407","Guapore","RBG22",-12.29426,-63.315296,"tayra","3/12/2020","12:55"
"1617","Guapore","RBG27",-12.346984,-63.313226,"tayra","27/11/2020","6:25"
"1641","Guapore","RBG28",-12.347702,-63.287797,"tayra","30/10/2020","14:17"
"1722","Guapore","RBG29",-12.314524,-63.336543,"tayra","1/12/2020","10:21"
"1831","Guapore","RBG31",-12.317907,-63.236609,"tayra","29/11/2020","8:11"
"1840","Guapore","RBG31",-12.317907,-63.236609,"tayra","7/12/2020","14:34"
"1868","Guapore","RBG33",-12.334878,-63.220402,"tayra","22/11/2020","9:58"
"2143","Guapore","RBG37",-12.303103,-63.25502,"tayra","3/12/2020","17:08"
"2296","Guapore","RBG45",-12.553224,-63.39196,"tayra","2/12/2020","16:18"
"2408","Guapore","RBG47",-12.555819,-63.475403,"tayra","18/11/2020","19:13"
"2414","Guapore","RBG47",-12.555819,-63.475403,"tayra","28/11/2020","8:27"
"1274","Guapore","RBG00",-12.549831,-63.435928,"ocelot","9/11/2020","19:49"
"1591","Guapore","RBG27",-12.346984,-63.313226,"ocelot","16/11/2020","19:14"
"1873","Guapore","RBG33",-12.334878,-63.220402,"ocelot","6/12/2020","18:57"
"1874","Guapore","RBG34",-12.317431,-63.25571,"ocelot","30/10/2020","20:26"
"2229","Guapore","RBG41",-12.556786,-63.439165,"ocelot","7/11/2020","3:12"
"2230","Guapore","RBG41",-12.556786,-63.439165,"ocelot","7/11/2020","23:10"
"2231","Guapore","RBG41",-12.556786,-63.439165,"ocelot","9/11/2020","2:31"
"2232","Guapore","RBG41",-12.556786,-63.439165,"ocelot","9/11/2020","18:17"
"2236","Guapore","RBG41",-12.556786,-63.439165,"ocelot","12/11/2020","4:41"
"2237","Guapore","RBG41",-12.556786,-63.439165,"ocelot","12/11/2020","19:55"
"2241","Guapore","RBG41",-12.556786,-63.439165,"ocelot","15/11/2020","4:00"
"2248","Guapore","RBG41",-12.556786,-63.439165,"ocelot","18/11/2020","22:03"
"2249","Guapore","RBG41",-12.556786,-63.439165,"ocelot","20/11/2020","2:34"
"2256","Guapore","RBG41",-12.556786,-63.439165,"ocelot","24/11/2020","1:31"
"2258","Guapore","RBG41",-12.556786,-63.439165,"ocelot","24/11/2020","6:31"
"2271","Guapore","RBG41",-12.556786,-63.439165,"ocelot","8/12/2020","2:26"
"2273","Guapore","RBG41",-12.556786,-63.439165,"ocelot","9/12/2020","2:17"
"2283","Guapore","RBG42",-12.540374,-63.431624,"ocelot","2/12/2020","13:43"
"2313","Guapore","RBG46",-12.557167,-63.457458,"ocelot","19/11/2020","22:38"
"2317","Guapore","RBG46",-12.557167,-63.457458,"ocelot","20/11/2020","13:43"
"2359","Guapore","RBG46",-12.557167,-63.457458,"ocelot","1/12/2020","4:34"
"2411","Guapore","RBG47",-12.555819,-63.475403,"ocelot","20/11/2020","9:58"
"2434","Guapore","RBG54",-12.538747,-63.399795,"ocelot","22/11/2020","5:30"
"2582","Guapore","RBG67",-12.551489,-63.205205,"ocelot","19/11/2020","23:53"
"1321","Guapore","RBG21",-12.303438,-63.346578,"raccoon","13/11/2020","21:38"
"1337","Guapore","RBG21",-12.303438,-63.346578,"raccoon","28/11/2020","4:53"
"1781","Guapore","RBG30",-12.301138,-63.244523,"raccoon","4/12/2020","4:07"
"1312","Guapore","RBG21",-12.303438,-63.346578,"red_brocket_deer","3/11/2020","2:54"
"1313","Guapore","RBG21",-12.303438,-63.346578,"red_brocket_deer","3/11/2020","5:28"
"1317","Guapore","RBG21",-12.303438,-63.346578,"red_brocket_deer","11/11/2020","3:03"
"1319","Guapore","RBG21",-12.303438,-63.346578,"red_brocket_deer","11/11/2020","11:55"
"1325","Guapore","RBG21",-12.303438,-63.346578,"red_brocket_deer","16/11/2020","1:45"
"1330","Guapore","RBG21",-12.303438,-63.346578,"red_brocket_deer","21/11/2020","6:56"
"1456","Guapore","RBG26",-12.334778,-63.325406,"red_brocket_deer","31/10/2020","20:57"
"1464","Guapore","RBG26",-12.334778,-63.325406,"red_brocket_deer","6/11/2020","3:53"
"1702","Guapore","RBG29",-12.314524,-63.336543,"red_brocket_deer","1/11/2020","1:31"
"1710","Guapore","RBG29",-12.314524,-63.336543,"red_brocket_deer","9/11/2020","9:18"
"1714","Guapore","RBG29",-12.314524,-63.336543,"red_brocket_deer","15/11/2020","22:53"
"1720","Guapore","RBG29",-12.314524,-63.336543,"red_brocket_deer","24/11/2020","20:17"
"1723","Guapore","RBG29",-12.314524,-63.336543,"red_brocket_deer","5/12/2020","1:56"
"1731","Guapore","RBG30",-12.301138,-63.244523,"red_brocket_deer","3/11/2020","0:38"
"1735","Guapore","RBG30",-12.301138,-63.244523,"red_brocket_deer","4/11/2020","2:31"
"1737","Guapore","RBG30",-12.301138,-63.244523,"red_brocket_deer","5/11/2020","20:05"
"1740","Guapore","RBG30",-12.301138,-63.244523,"red_brocket_deer","7/11/2020","3:15"
"1749","Guapore","RBG30",-12.301138,-63.244523,"red_brocket_deer","12/11/2020","3:37"
"1758","Guapore","RBG30",-12.301138,-63.244523,"red_brocket_deer","19/11/2020","3:07"
"1765","Guapore","RBG30",-12.301138,-63.244523,"red_brocket_deer","20/11/2020","10:10"
"1787","Guapore","RBG31",-12.317907,-63.236609,"red_brocket_deer","30/10/2020","23:17"
"1789","Guapore","RBG31",-12.317907,-63.236609,"red_brocket_deer","1/11/2020","9:55"
"1792","Guapore","RBG31",-12.317907,-63.236609,"red_brocket_deer","3/11/2020","9:33"
"1795","Guapore","RBG31",-12.317907,-63.236609,"red_brocket_deer","5/11/2020","2:25"
"1796","Guapore","RBG31",-12.317907,-63.236609,"red_brocket_deer","6/11/2020","6:02"
"1799","Guapore","RBG31",-12.317907,-63.236609,"red_brocket_deer","7/11/2020","11:40"
"1801","Guapore","RBG31",-12.317907,-63.236609,"red_brocket_deer","7/11/2020","22:15"
"1802","Guapore","RBG31",-12.317907,-63.236609,"red_brocket_deer","8/11/2020","10:43"
"1803","Guapore","RBG31",-12.317907,-63.236609,"red_brocket_deer","9/11/2020","3:16"
"1804","Guapore","RBG31",-12.317907,-63.236609,"red_brocket_deer","9/11/2020","21:38"
"1805","Guapore","RBG31",-12.317907,-63.236609,"red_brocket_deer","10/11/2020","1:49"
"1814","Guapore","RBG31",-12.317907,-63.236609,"red_brocket_deer","18/11/2020","20:50"
"1816","Guapore","RBG31",-12.317907,-63.236609,"red_brocket_deer","21/11/2020","2:58"
"1819","Guapore","RBG31",-12.317907,-63.236609,"red_brocket_deer","24/11/2020","6:48"
"1820","Guapore","RBG31",-12.317907,-63.236609,"red_brocket_deer","25/11/2020","5:43"
"1821","Guapore","RBG31",-12.317907,-63.236609,"red_brocket_deer","26/11/2020","19:22"
"1822","Guapore","RBG31",-12.317907,-63.236609,"red_brocket_deer","26/11/2020","20:22"
"1823","Guapore","RBG31",-12.317907,-63.236609,"red_brocket_deer","26/11/2020","23:31"
"1825","Guapore","RBG31",-12.317907,-63.236609,"red_brocket_deer","27/11/2020","9:48"
"1835","Guapore","RBG31",-12.317907,-63.236609,"red_brocket_deer","2/12/2020","17:25"
"1836","Guapore","RBG31",-12.317907,-63.236609,"red_brocket_deer","3/12/2020","8:17"
"1852","Guapore","RBG32",-12.335155,-63.239459,"red_brocket_deer","28/11/2020","0:24"
"1856","Guapore","RBG32",-12.335155,-63.239459,"red_brocket_deer","2/12/2020","6:55"
"2058","Guapore","RBG35",-12.326922,-63.276976,"red_brocket_deer","2/11/2020","2:00"
"2059","Guapore","RBG35",-12.326922,-63.276976,"red_brocket_deer","3/11/2020","4:10"
"2060","Guapore","RBG35",-12.326922,-63.276976,"red_brocket_deer","5/11/2020","17:27"
"2074","Guapore","RBG35",-12.326922,-63.276976,"red_brocket_deer","18/11/2020","5:57"
"2081","Guapore","RBG35",-12.326922,-63.276976,"red_brocket_deer","22/11/2020","18:14"
"2083","Guapore","RBG35",-12.326922,-63.276976,"red_brocket_deer","23/11/2020","21:39"
"2085","Guapore","RBG35",-12.326922,-63.276976,"red_brocket_deer","24/11/2020","19:51"
"2093","Guapore","RBG35",-12.326922,-63.276976,"red_brocket_deer","28/11/2020","0:18"
"2100","Guapore","RBG35",-12.326922,-63.276976,"red_brocket_deer","30/11/2020","23:54"
"2114","Guapore","RBG36",-12.286028,-63.233666,"red_brocket_deer","12/11/2020","18:50"
"2122","Guapore","RBG37",-12.303103,-63.25502,"red_brocket_deer","2/11/2020","5:43"
"2129","Guapore","RBG37",-12.303103,-63.25502,"red_brocket_deer","16/11/2020","3:43"
"2180","Guapore","RBG39",-12.340336,-63.370823,"red_brocket_deer","24/11/2020","4:36"
"2181","Guapore","RBG39",-12.340336,-63.370823,"red_brocket_deer","26/11/2020","19:41"
"2185","Guapore","RBG39",-12.340336,-63.370823,"red_brocket_deer","6/12/2020","22:04"
"2193","Guapore","RBG40",-12.318994,-63.360404,"red_brocket_deer","7/11/2020","4:09"
"2197","Guapore","RBG40",-12.318994,-63.360404,"red_brocket_deer","8/11/2020","23:42"
"2205","Guapore","RBG40",-12.318994,-63.360404,"red_brocket_deer","13/11/2020","4:05"
"2254","Guapore","RBG41",-12.556786,-63.439165,"red_brocket_deer","22/11/2020","8:36"
"2289","Guapore","RBG43",-12.568537,-63.425028,"red_brocket_deer","14/11/2020","5:37"
"2291","Guapore","RBG43",-12.568537,-63.425028,"red_brocket_deer","21/11/2020","5:01"
"2321","Guapore","RBG46",-12.557167,-63.457458,"red_brocket_deer","22/11/2020","9:15"
"2327","Guapore","RBG46",-12.557167,-63.457458,"red_brocket_deer","24/11/2020","2:31"
"2428","Guapore","RBG48",-12.539097,-63.448927,"red_brocket_deer","8/11/2020","22:32"
"2437","Guapore","RBG54",-12.538747,-63.399795,"red_brocket_deer","4/12/2020","3:19"
"2658","Guapore","RBG81",-12.541601,-63.315,"red_brocket_deer","7/11/2020","7:44"
"2659","Guapore","RBG81",-12.541601,-63.315,"red_brocket_deer","7/11/2020","19:09"
"2664","Guapore","RBG81",-12.541601,-63.315,"red_brocket_deer","12/11/2020","21:08"
"2669","Guapore","RBG81",-12.541601,-63.315,"red_brocket_deer","22/11/2020","18:58"
"1717","Guapore","RBG29",-12.314524,-63.336543,"tamandua","22/11/2020","23:10"
"1838","Guapore","RBG31",-12.317907,-63.236609,"tamandua","5/12/2020","15:26"
"1839","Guapore","RBG31",-12.317907,-63.236609,"tamandua","6/12/2020","3:42"
"2163","Guapore","RBG38",-12.320746,-63.376997,"tamandua","26/11/2020","4:27"
"2173","Guapore","RBG39",-12.340336,-63.370823,"tamandua","8/11/2020","23:54"
"1272","Guapore","RBG00",-12.549831,-63.435928,"opossum","9/11/2020","1:09"
"1277","Guapore","RBG00",-12.549831,-63.435928,"opossum","22/11/2020","0:59"
"1815","Guapore","RBG31",-12.317907,-63.236609,"opossum","19/11/2020","19:19"
"1841","Guapore","RBG32",-12.335155,-63.239459,"opossum","31/10/2020","20:31"
"1842","Guapore","RBG32",-12.335155,-63.239459,"opossum","31/10/2020","22:38"
"1845","Guapore","RBG32",-12.335155,-63.239459,"opossum","1/11/2020","20:41"
"1846","Guapore","RBG32",-12.335155,-63.239459,"opossum","3/11/2020","2:57"
"2055","Guapore","RBG35",-12.326922,-63.276976,"opossum","29/10/2020","23:43"
"2137","Guapore","RBG37",-12.303103,-63.25502,"opossum","20/11/2020","20:09"
"2138","Guapore","RBG37",-12.303103,-63.25502,"opossum","24/11/2020","2:37"
"2147","Guapore","RBG38",-12.320746,-63.376997,"opossum","31/10/2020","2:34"
"2151","Guapore","RBG38",-12.320746,-63.376997,"opossum","7/11/2020","1:52"
"2274","Guapore","RBG42",-12.540374,-63.431624,"opossum","4/11/2020","19:11"
"2276","Guapore","RBG42",-12.540374,-63.431624,"opossum","5/11/2020","22:43"
"2277","Guapore","RBG42",-12.540374,-63.431624,"opossum","5/11/2020","23:33"
"2278","Guapore","RBG42",-12.540374,-63.431624,"opossum","7/11/2020","22:30"
"2281","Guapore","RBG42",-12.540374,-63.431624,"opossum","24/11/2020","23:54"
"2282","Guapore","RBG42",-12.540374,-63.431624,"opossum","30/11/2020","19:33"
"2294","Guapore","RBG44",-12.550222,-63.414319,"opossum","28/11/2020","0:33"
"2329","Guapore","RBG46",-12.557167,-63.457458,"opossum","24/11/2020","5:14"
"2441","Guapore","RBG60",-12.568403,-63.21356,"opossum","7/11/2020","2:01"
"2443","Guapore","RBG60",-12.568403,-63.21356,"opossum","9/11/2020","3:25"
"2448","Guapore","RBG60",-12.568403,-63.21356,"opossum","12/11/2020","3:23"
"2450","Guapore","RBG60",-12.568403,-63.21356,"opossum","14/11/2020","23:16"
"2451","Guapore","RBG60",-12.568403,-63.21356,"opossum","17/11/2020","4:14"
"2453","Guapore","RBG60",-12.568403,-63.21356,"opossum","21/11/2020","0:28"
"2454","Guapore","RBG60",-12.568403,-63.21356,"opossum","21/11/2020","2:43"
"2459","Guapore","RBG60",-12.568403,-63.21356,"opossum","24/11/2020","2:44"
"2460","Guapore","RBG60",-12.568403,-63.21356,"opossum","25/11/2020","1:29"
"2462","Guapore","RBG60",-12.568403,-63.21356,"opossum","28/11/2020","0:28"
"2464","Guapore","RBG60",-12.568403,-63.21356,"opossum","30/11/2020","20:38"
"2466","Guapore","RBG60",-12.568403,-63.21356,"opossum","3/12/2020","20:07"
"2615","Guapore","RBG70",-12.535981,-63.230252,"opossum","17/11/2020","3:51"
"2623","Guapore","RBG70",-12.535981,-63.230252,"opossum","20/11/2020","0:49"
"2626","Guapore","RBG70",-12.535981,-63.230252,"opossum","21/11/2020","5:34"
"2743","Guapore","RBG84",-12.632989,-63.397738,"opossum","3/12/2020","21:29"
"2744","Guapore","RBG84",-12.632989,-63.397738,"opossum","4/12/2020","3:56"
"1678","Guapore","RBG28",-12.347702,-63.287797,"paca","21/11/2020","5:02"
"2210","Guapore","RBG40",-12.318994,-63.360404,"paca","16/11/2020","3:03"
"2301","Guapore","RBG46",-12.557167,-63.457458,"paca","15/11/2020","2:34"
"2305","Guapore","RBG46",-12.557167,-63.457458,"paca","16/11/2020","21:15"
"2306","Guapore","RBG46",-12.557167,-63.457458,"paca","17/11/2020","23:34"
"2307","Guapore","RBG46",-12.557167,-63.457458,"paca","18/11/2020","3:20"
"2308","Guapore","RBG46",-12.557167,-63.457458,"paca","19/11/2020","4:02"
"2314","Guapore","RBG46",-12.557167,-63.457458,"paca","19/11/2020","23:48"
"2318","Guapore","RBG46",-12.557167,-63.457458,"paca","21/11/2020","3:42"
"2323","Guapore","RBG46",-12.557167,-63.457458,"paca","22/11/2020","19:21"
"2324","Guapore","RBG46",-12.557167,-63.457458,"paca","23/11/2020","4:24"
"2328","Guapore","RBG46",-12.557167,-63.457458,"paca","24/11/2020","4:10"
"2331","Guapore","RBG46",-12.557167,-63.457458,"paca","25/11/2020","1:44"
"2332","Guapore","RBG46",-12.557167,-63.457458,"paca","25/11/2020","2:24"
"2341","Guapore","RBG46",-12.557167,-63.457458,"paca","28/11/2020","4:08"
"2342","Guapore","RBG46",-12.557167,-63.457458,"paca","28/11/2020","5:03"
"2362","Guapore","RBG46",-12.557167,-63.457458,"paca","1/12/2020","23:17"
"2371","Guapore","RBG46",-12.557167,-63.457458,"paca","4/12/2020","0:55"
"2383","Guapore","RBG46",-12.557167,-63.457458,"paca","5/12/2020","19:41"
"2384","Guapore","RBG46",-12.557167,-63.457458,"paca","6/12/2020","1:12"
"2397","Guapore","RBG47",-12.555819,-63.475403,"paca","8/11/2020","22:30"
"2440","Guapore","RBG60",-12.568403,-63.21356,"paca","5/11/2020","22:27"
"2446","Guapore","RBG60",-12.568403,-63.21356,"paca","10/11/2020","1:59"
"2455","Guapore","RBG60",-12.568403,-63.21356,"paca","21/11/2020","23:23"
"2465","Guapore","RBG60",-12.568403,-63.21356,"paca","2/12/2020","19:16"
"2467","Guapore","RBG60",-12.568403,-63.21356,"paca","6/12/2020","1:10"
"2475","Guapore","RBG61",-12.568749,-63.232696,"paca","15/11/2020","2:12"
"2476","Guapore","RBG61",-12.568749,-63.232696,"paca","15/11/2020","2:48"
"2480","Guapore","RBG61",-12.568749,-63.232696,"paca","20/11/2020","1:21"
"2486","Guapore","RBG61",-12.568749,-63.232696,"paca","24/11/2020","1:33"
"2487","Guapore","RBG61",-12.568749,-63.232696,"paca","24/11/2020","3:29"
"2601","Guapore","RBG70",-12.535981,-63.230252,"paca","7/11/2020","20:07"
"2605","Guapore","RBG70",-12.535981,-63.230252,"paca","10/11/2020","21:34"
"2607","Guapore","RBG70",-12.535981,-63.230252,"paca","13/11/2020","2:57"
"2610","Guapore","RBG70",-12.535981,-63.230252,"paca","14/11/2020","3:37"
"2612","Guapore","RBG70",-12.535981,-63.230252,"paca","15/11/2020","3:06"
"2613","Guapore","RBG70",-12.535981,-63.230252,"paca","15/11/2020","3:46"
"2616","Guapore","RBG70",-12.535981,-63.230252,"paca","17/11/2020","4:31"
"2617","Guapore","RBG70",-12.535981,-63.230252,"paca","18/11/2020","1:53"
"2622","Guapore","RBG70",-12.535981,-63.230252,"paca","20/11/2020","0:06"
"2624","Guapore","RBG70",-12.535981,-63.230252,"paca","20/11/2020","1:07"
"2627","Guapore","RBG70",-12.535981,-63.230252,"paca","22/11/2020","23:05"
"2628","Guapore","RBG70",-12.535981,-63.230252,"paca","23/11/2020","2:06"
"2629","Guapore","RBG70",-12.535981,-63.230252,"paca","24/11/2020","0:09"
"2632","Guapore","RBG70",-12.535981,-63.230252,"paca","27/11/2020","4:25"
"2639","Guapore","RBG70",-12.535981,-63.230252,"paca","3/12/2020","23:02"
"1284","Guapore","RBG00",-12.549831,-63.435928,"puma","30/11/2020","8:58"
"1335","Guapore","RBG21",-12.303438,-63.346578,"puma","25/11/2020","11:21"
"1430","Guapore","RBG23",-12.308763,-63.321249,"puma","8/11/2020","6:39"
"1447","Guapore","RBG23",-12.308763,-63.321249,"puma","29/11/2020","7:18"
"1448","Guapore","RBG23",-12.308763,-63.321249,"puma","30/11/2020","5:51"
"1455","Guapore","RBG23",-12.308763,-63.321249,"puma","8/12/2020","6:26"
"1574","Guapore","RBG27",-12.346984,-63.313226,"puma","8/11/2020","16:18"
"1609","Guapore","RBG27",-12.346984,-63.313226,"puma","25/11/2020","6:38"
"1685","Guapore","RBG28",-12.347702,-63.287797,"puma","25/11/2020","9:37"
"1719","Guapore","RBG29",-12.314524,-63.336543,"puma","24/11/2020","8:56"
"2119","Guapore","RBG37",-12.303103,-63.25502,"puma","31/10/2020","10:44"
"2220","Guapore","RBG40",-12.318994,-63.360404,"puma","28/11/2020","16:17"
"2264","Guapore","RBG41",-12.556786,-63.439165,"puma","30/11/2020","8:29"
"2265","Guapore","RBG41",-12.556786,-63.439165,"puma","1/12/2020","7:05"
"2246","Guapore","RBG41",-12.556786,-63.439165,"jaguar","18/11/2020","14:23"
"2645","Guapore","RBG75",-12.553764,-63.273438,"jaguar","21/11/2020","4:17"
"2646","Guapore","RBG75",-12.553764,-63.273438,"jaguar","21/11/2020","17:56"
"2647","Guapore","RBG75",-12.553764,-63.273438,"jaguar","22/11/2020","6:18"
"2686","Guapore","RBG83",-12.56485,-63.264215,"jaguar","6/11/2020","18:01"
"2687","Guapore","RBG83",-12.56485,-63.264215,"jaguar","7/11/2020","8:42"
"2689","Guapore","RBG83",-12.56485,-63.264215,"jaguar","7/11/2020","10:37"
"2690","Guapore","RBG83",-12.56485,-63.264215,"jaguar","7/11/2020","13:45"
"2691","Guapore","RBG83",-12.56485,-63.264215,"jaguar","7/11/2020","15:40"
"2695","Guapore","RBG83",-12.56485,-63.264215,"jaguar","8/11/2020","13:26"
"2698","Guapore","RBG83",-12.56485,-63.264215,"jaguar","9/11/2020","1:19"
"2700","Guapore","RBG83",-12.56485,-63.264215,"jaguar","9/11/2020","17:16"
"2709","Guapore","RBG83",-12.56485,-63.264215,"jaguar","15/11/2020","6:59"
"2724","Guapore","RBG83",-12.56485,-63.264215,"jaguar","25/11/2020","17:33"
"2731","Guapore","RBG83",-12.56485,-63.264215,"jaguar","4/12/2020","2:38"
"2732","Guapore","RBG83",-12.56485,-63.264215,"jaguar","4/12/2020","19:42"
"2733","Guapore","RBG83",-12.56485,-63.264215,"jaguar","4/12/2020","20:46"
"2738","Guapore","RBG84",-12.632989,-63.397738,"jaguar","14/11/2020","17:03"
"1336","Guapore","RBG21",-12.303438,-63.346578,"coati","27/11/2020","6:34"
"1353","Guapore","RBG22",-12.29426,-63.315296,"coati","31/10/2020","18:01"
"1354","Guapore","RBG22",-12.29426,-63.315296,"coati","1/11/2020","5:43"
"1355","Guapore","RBG22",-12.29426,-63.315296,"coati","1/11/2020","7:52"
"1358","Guapore","RBG22",-12.29426,-63.315296,"coati","4/11/2020","15:16"
"1361","Guapore","RBG22",-12.29426,-63.315296,"coati","5/11/2020","16:35"
"1364","Guapore","RBG22",-12.29426,-63.315296,"coati","6/11/2020","18:15"
"1368","Guapore","RBG22",-12.29426,-63.315296,"coati","7/11/2020","9:42"
"1370","Guapore","RBG22",-12.29426,-63.315296,"coati","7/11/2020","16:48"
"1377","Guapore","RBG22",-12.29426,-63.315296,"coati","10/11/2020","13:51"
"1383","Guapore","RBG22",-12.29426,-63.315296,"coati","14/11/2020","5:46"
"1515","Guapore","RBG24",-12.322012,-63.314734,"coati","31/10/2020","5:59"
"1721","Guapore","RBG29",-12.314524,-63.336543,"coati","27/11/2020","17:14"
"1813","Guapore","RBG31",-12.317907,-63.236609,"coati","17/11/2020","16:09"
"2115","Guapore","RBG36",-12.286028,-63.233666,"coati","29/11/2020","8:56"
"2149","Guapore","RBG38",-12.320746,-63.376997,"coati","2/11/2020","9:58"
"2150","Guapore","RBG38",-12.320746,-63.376997,"coati","2/11/2020","10:28"
"2311","Guapore","RBG46",-12.557167,-63.457458,"coati","19/11/2020","10:43"
"2438","Guapore","RBG54",-12.538747,-63.399795,"coati","4/12/2020","7:42"
"2442","Guapore","RBG60",-12.568403,-63.21356,"coati","7/11/2020","14:25"
"2463","Guapore","RBG60",-12.568403,-63.21356,"coati","28/11/2020","7:33"
"2469","Guapore","RBG61",-12.568749,-63.232696,"coati","9/11/2020","11:20"
"2472","Guapore","RBG61",-12.568749,-63.232696,"coati","13/11/2020","6:21"
"2479","Guapore","RBG61",-12.568749,-63.232696,"coati","19/11/2020","15:22"
"2481","Guapore","RBG61",-12.568749,-63.232696,"coati","21/11/2020","16:55"
"2485","Guapore","RBG61",-12.568749,-63.232696,"coati","23/11/2020","12:14"
"2493","Guapore","RBG61",-12.568749,-63.232696,"coati","30/11/2020","12:20"
"2497","Guapore","RBG61",-12.568749,-63.232696,"coati","2/12/2020","14:24"
"2500","Guapore","RBG61",-12.568749,-63.232696,"coati","6/12/2020","7:18"
"1273","Guapore","RBG00",-12.549831,-63.435928,"white_lipped_pecary","9/11/2020","13:04"
"1278","Guapore","RBG00",-12.549831,-63.435928,"white_lipped_pecary","22/11/2020","7:27"
"1282","Guapore","RBG00",-12.549831,-63.435928,"white_lipped_pecary","28/11/2020","21:08"
"1356","Guapore","RBG22",-12.29426,-63.315296,"white_lipped_pecary","3/11/2020","3:16"
"1357","Guapore","RBG22",-12.29426,-63.315296,"white_lipped_pecary","3/11/2020","8:38"
"1362","Guapore","RBG22",-12.29426,-63.315296,"white_lipped_pecary","6/11/2020","5:41"
"1363","Guapore","RBG22",-12.29426,-63.315296,"white_lipped_pecary","6/11/2020","6:18"
"1365","Guapore","RBG22",-12.29426,-63.315296,"white_lipped_pecary","6/11/2020","18:34"
"1366","Guapore","RBG22",-12.29426,-63.315296,"white_lipped_pecary","7/11/2020","6:35"
"1367","Guapore","RBG22",-12.29426,-63.315296,"white_lipped_pecary","7/11/2020","8:12"
"1369","Guapore","RBG22",-12.29426,-63.315296,"white_lipped_pecary","7/11/2020","13:04"
"1371","Guapore","RBG22",-12.29426,-63.315296,"white_lipped_pecary","8/11/2020","8:20"
"1372","Guapore","RBG22",-12.29426,-63.315296,"white_lipped_pecary","8/11/2020","10:32"
"1374","Guapore","RBG22",-12.29426,-63.315296,"white_lipped_pecary","9/11/2020","12:38"
"1375","Guapore","RBG22",-12.29426,-63.315296,"white_lipped_pecary","9/11/2020","13:31"
"1376","Guapore","RBG22",-12.29426,-63.315296,"white_lipped_pecary","9/11/2020","14:30"
"1378","Guapore","RBG22",-12.29426,-63.315296,"white_lipped_pecary","11/11/2020","5:27"
"1379","Guapore","RBG22",-12.29426,-63.315296,"white_lipped_pecary","13/11/2020","10:39"
"1382","Guapore","RBG22",-12.29426,-63.315296,"white_lipped_pecary","13/11/2020","18:41"
"1384","Guapore","RBG22",-12.29426,-63.315296,"white_lipped_pecary","17/11/2020","19:24"
"1385","Guapore","RBG22",-12.29426,-63.315296,"white_lipped_pecary","17/11/2020","20:03"
"1387","Guapore","RBG22",-12.29426,-63.315296,"white_lipped_pecary","18/11/2020","5:32"
"1390","Guapore","RBG22",-12.29426,-63.315296,"white_lipped_pecary","20/11/2020","21:07"
"1391","Guapore","RBG22",-12.29426,-63.315296,"white_lipped_pecary","21/11/2020","10:57"
"1393","Guapore","RBG22",-12.29426,-63.315296,"white_lipped_pecary","23/11/2020","14:25"
"1394","Guapore","RBG22",-12.29426,-63.315296,"white_lipped_pecary","24/11/2020","19:39"
"1395","Guapore","RBG22",-12.29426,-63.315296,"white_lipped_pecary","25/11/2020","23:45"
"1404","Guapore","RBG22",-12.29426,-63.315296,"white_lipped_pecary","2/12/2020","11:20"
"1405","Guapore","RBG22",-12.29426,-63.315296,"white_lipped_pecary","3/12/2020","3:31"
"1406","Guapore","RBG22",-12.29426,-63.315296,"white_lipped_pecary","3/12/2020","7:52"
"1409","Guapore","RBG22",-12.29426,-63.315296,"white_lipped_pecary","5/12/2020","8:25"
"1428","Guapore","RBG23",-12.308763,-63.321249,"white_lipped_pecary","5/11/2020","6:48"
"1441","Guapore","RBG23",-12.308763,-63.321249,"white_lipped_pecary","16/11/2020","18:45"
"1445","Guapore","RBG23",-12.308763,-63.321249,"white_lipped_pecary","24/11/2020","8:13"
"1462","Guapore","RBG26",-12.334778,-63.325406,"white_lipped_pecary","4/11/2020","8:11"
"1466","Guapore","RBG26",-12.334778,-63.325406,"white_lipped_pecary","7/11/2020","0:38"
"1469","Guapore","RBG26",-12.334778,-63.325406,"white_lipped_pecary","9/11/2020","9:47"
"1473","Guapore","RBG26",-12.334778,-63.325406,"white_lipped_pecary","12/11/2020","8:52"
"1486","Guapore","RBG26",-12.334778,-63.325406,"white_lipped_pecary","19/11/2020","12:36"
"1513","Guapore","RBG24",-12.322012,-63.314734,"white_lipped_pecary","29/10/2020","15:14"
"1514","Guapore","RBG24",-12.322012,-63.314734,"white_lipped_pecary","30/10/2020","9:50"
"1527","Guapore","RBG24",-12.322012,-63.314734,"white_lipped_pecary","20/11/2020","21:51"
"1530","Guapore","RBG24",-12.322012,-63.314734,"white_lipped_pecary","27/11/2020","6:51"
"1531","Guapore","RBG24",-12.322012,-63.314734,"white_lipped_pecary","29/11/2020","1:43"
"1533","Guapore","RBG24",-12.322012,-63.314734,"white_lipped_pecary","3/12/2020","4:22"
"1535","Guapore","RBG24",-12.322012,-63.314734,"white_lipped_pecary","6/12/2020","2:10"
"1536","Guapore","RBG24",-12.322012,-63.314734,"white_lipped_pecary","7/12/2020","7:19"
"1538","Guapore","RBG25",-12.332126,-63.297824,"white_lipped_pecary","30/10/2020","7:12"
"1539","Guapore","RBG25",-12.332126,-63.297824,"white_lipped_pecary","3/11/2020","7:30"
"1540","Guapore","RBG25",-12.332126,-63.297824,"white_lipped_pecary","8/11/2020","17:51"
"1542","Guapore","RBG25",-12.332126,-63.297824,"white_lipped_pecary","12/11/2020","10:09"
"1543","Guapore","RBG25",-12.332126,-63.297824,"white_lipped_pecary","12/11/2020","13:17"
"1544","Guapore","RBG25",-12.332126,-63.297824,"white_lipped_pecary","16/11/2020","10:04"
"1545","Guapore","RBG25",-12.332126,-63.297824,"white_lipped_pecary","17/11/2020","7:14"
"1547","Guapore","RBG25",-12.332126,-63.297824,"white_lipped_pecary","22/11/2020","9:38"
"1548","Guapore","RBG25",-12.332126,-63.297824,"white_lipped_pecary","23/11/2020","6:45"
"1549","Guapore","RBG25",-12.332126,-63.297824,"white_lipped_pecary","23/11/2020","17:44"
"1551","Guapore","RBG25",-12.332126,-63.297824,"white_lipped_pecary","25/11/2020","8:10"
"1552","Guapore","RBG25",-12.332126,-63.297824,"white_lipped_pecary","26/11/2020","9:21"
"1553","Guapore","RBG25",-12.332126,-63.297824,"white_lipped_pecary","30/11/2020","6:25"
"1554","Guapore","RBG25",-12.332126,-63.297824,"white_lipped_pecary","30/11/2020","15:09"
"1555","Guapore","RBG25",-12.332126,-63.297824,"white_lipped_pecary","30/11/2020","19:41"
"1557","Guapore","RBG25",-12.332126,-63.297824,"white_lipped_pecary","6/12/2020","6:06"
"1560","Guapore","RBG27",-12.346984,-63.313226,"white_lipped_pecary","1/11/2020","14:29"
"1607","Guapore","RBG27",-12.346984,-63.313226,"white_lipped_pecary","24/11/2020","8:10"
"1616","Guapore","RBG27",-12.346984,-63.313226,"white_lipped_pecary","26/11/2020","17:19"
"1618","Guapore","RBG27",-12.346984,-63.313226,"white_lipped_pecary","27/11/2020","10:58"
"1619","Guapore","RBG27",-12.346984,-63.313226,"white_lipped_pecary","27/11/2020","17:12"
"1621","Guapore","RBG27",-12.346984,-63.313226,"white_lipped_pecary","28/11/2020","10:33"
"1622","Guapore","RBG27",-12.346984,-63.313226,"white_lipped_pecary","28/11/2020","15:20"
"1624","Guapore","RBG27",-12.346984,-63.313226,"white_lipped_pecary","29/11/2020","17:23"
"1625","Guapore","RBG27",-12.346984,-63.313226,"white_lipped_pecary","29/11/2020","18:42"
"1628","Guapore","RBG27",-12.346984,-63.313226,"white_lipped_pecary","2/12/2020","6:08"
"1635","Guapore","RBG27",-12.346984,-63.313226,"white_lipped_pecary","6/12/2020","9:27"
"1640","Guapore","RBG27",-12.346984,-63.313226,"white_lipped_pecary","8/12/2020","7:37"
"1645","Guapore","RBG28",-12.347702,-63.287797,"white_lipped_pecary","4/11/2020","20:15"
"1649","Guapore","RBG28",-12.347702,-63.287797,"white_lipped_pecary","7/11/2020","10:32"
"1657","Guapore","RBG28",-12.347702,-63.287797,"white_lipped_pecary","10/11/2020","13:25"
"1658","Guapore","RBG28",-12.347702,-63.287797,"white_lipped_pecary","10/11/2020","14:38"
"1661","Guapore","RBG28",-12.347702,-63.287797,"white_lipped_pecary","11/11/2020","11:48"
"1669","Guapore","RBG28",-12.347702,-63.287797,"white_lipped_pecary","15/11/2020","13:26"
"1670","Guapore","RBG28",-12.347702,-63.287797,"white_lipped_pecary","15/11/2020","15:38"
"1671","Guapore","RBG28",-12.347702,-63.287797,"white_lipped_pecary","15/11/2020","17:42"
"1677","Guapore","RBG28",-12.347702,-63.287797,"white_lipped_pecary","20/11/2020","14:19"
"1680","Guapore","RBG28",-12.347702,-63.287797,"white_lipped_pecary","22/11/2020","7:57"
"1682","Guapore","RBG28",-12.347702,-63.287797,"white_lipped_pecary","22/11/2020","13:46"
"1684","Guapore","RBG28",-12.347702,-63.287797,"white_lipped_pecary","25/11/2020","7:21"
"1686","Guapore","RBG28",-12.347702,-63.287797,"white_lipped_pecary","25/11/2020","18:07"
"1687","Guapore","RBG28",-12.347702,-63.287797,"white_lipped_pecary","26/11/2020","14:27"
"1688","Guapore","RBG28",-12.347702,-63.287797,"white_lipped_pecary","27/11/2020","7:35"
"1691","Guapore","RBG28",-12.347702,-63.287797,"white_lipped_pecary","27/11/2020","16:38"
"1692","Guapore","RBG28",-12.347702,-63.287797,"white_lipped_pecary","30/11/2020","8:36"
"1698","Guapore","RBG28",-12.347702,-63.287797,"white_lipped_pecary","7/12/2020","19:52"
"1707","Guapore","RBG29",-12.314524,-63.336543,"white_lipped_pecary","5/11/2020","13:37"
"1716","Guapore","RBG29",-12.314524,-63.336543,"white_lipped_pecary","22/11/2020","9:39"
"1718","Guapore","RBG29",-12.314524,-63.336543,"white_lipped_pecary","23/11/2020","17:37"
"1732","Guapore","RBG30",-12.301138,-63.244523,"white_lipped_pecary","3/11/2020","8:08"
"1734","Guapore","RBG30",-12.301138,-63.244523,"white_lipped_pecary","3/11/2020","13:57"
"1738","Guapore","RBG30",-12.301138,-63.244523,"white_lipped_pecary","5/11/2020","23:49"
"1739","Guapore","RBG30",-12.301138,-63.244523,"white_lipped_pecary","6/11/2020","5:43"
"1741","Guapore","RBG30",-12.301138,-63.244523,"white_lipped_pecary","7/11/2020","4:58"
"1747","Guapore","RBG30",-12.301138,-63.244523,"white_lipped_pecary","10/11/2020","6:42"
"1750","Guapore","RBG30",-12.301138,-63.244523,"white_lipped_pecary","12/11/2020","15:16"
"1751","Guapore","RBG30",-12.301138,-63.244523,"white_lipped_pecary","15/11/2020","6:44"
"1752","Guapore","RBG30",-12.301138,-63.244523,"white_lipped_pecary","15/11/2020","7:32"
"1753","Guapore","RBG30",-12.301138,-63.244523,"white_lipped_pecary","16/11/2020","6:31"
"1754","Guapore","RBG30",-12.301138,-63.244523,"white_lipped_pecary","16/11/2020","7:10"
"1755","Guapore","RBG30",-12.301138,-63.244523,"white_lipped_pecary","16/11/2020","7:40"
"1756","Guapore","RBG30",-12.301138,-63.244523,"white_lipped_pecary","17/11/2020","7:31"
"1757","Guapore","RBG30",-12.301138,-63.244523,"white_lipped_pecary","18/11/2020","14:21"
"1759","Guapore","RBG30",-12.301138,-63.244523,"white_lipped_pecary","19/11/2020","5:30"
"1761","Guapore","RBG30",-12.301138,-63.244523,"white_lipped_pecary","19/11/2020","7:09"
"1762","Guapore","RBG30",-12.301138,-63.244523,"white_lipped_pecary","19/11/2020","9:47"
"1764","Guapore","RBG30",-12.301138,-63.244523,"white_lipped_pecary","20/11/2020","6:17"
"1766","Guapore","RBG30",-12.301138,-63.244523,"white_lipped_pecary","22/11/2020","7:19"
"1767","Guapore","RBG30",-12.301138,-63.244523,"white_lipped_pecary","23/11/2020","6:30"
"1768","Guapore","RBG30",-12.301138,-63.244523,"white_lipped_pecary","23/11/2020","18:01"
"1769","Guapore","RBG30",-12.301138,-63.244523,"white_lipped_pecary","23/11/2020","18:30"
"1770","Guapore","RBG30",-12.301138,-63.244523,"white_lipped_pecary","25/11/2020","8:33"
"1771","Guapore","RBG30",-12.301138,-63.244523,"white_lipped_pecary","26/11/2020","7:17"
"1776","Guapore","RBG30",-12.301138,-63.244523,"white_lipped_pecary","28/11/2020","13:39"
"1778","Guapore","RBG30",-12.301138,-63.244523,"white_lipped_pecary","1/12/2020","11:22"
"1779","Guapore","RBG30",-12.301138,-63.244523,"white_lipped_pecary","2/12/2020","8:42"
"1780","Guapore","RBG30",-12.301138,-63.244523,"white_lipped_pecary","3/12/2020","2:51"
"1782","Guapore","RBG30",-12.301138,-63.244523,"white_lipped_pecary","4/12/2020","12:58"
"1783","Guapore","RBG30",-12.301138,-63.244523,"white_lipped_pecary","4/12/2020","13:40"
"1784","Guapore","RBG30",-12.301138,-63.244523,"white_lipped_pecary","4/12/2020","17:31"
"1786","Guapore","RBG30",-12.301138,-63.244523,"white_lipped_pecary","7/12/2020","14:14"
"1810","Guapore","RBG31",-12.317907,-63.236609,"white_lipped_pecary","15/11/2020","17:51"
"1829","Guapore","RBG31",-12.317907,-63.236609,"white_lipped_pecary","28/11/2020","5:57"
"1833","Guapore","RBG31",-12.317907,-63.236609,"white_lipped_pecary","1/12/2020","17:19"
"1843","Guapore","RBG32",-12.335155,-63.239459,"white_lipped_pecary","1/11/2020","7:21"
"1849","Guapore","RBG32",-12.335155,-63.239459,"white_lipped_pecary","19/11/2020","18:37"
"1850","Guapore","RBG32",-12.335155,-63.239459,"white_lipped_pecary","19/11/2020","22:10"
"1853","Guapore","RBG32",-12.335155,-63.239459,"white_lipped_pecary","28/11/2020","19:27"
"1854","Guapore","RBG32",-12.335155,-63.239459,"white_lipped_pecary","29/11/2020","6:17"
"1855","Guapore","RBG32",-12.335155,-63.239459,"white_lipped_pecary","2/12/2020","6:43"
"1857","Guapore","RBG32",-12.335155,-63.239459,"white_lipped_pecary","2/12/2020","13:33"
"1858","Guapore","RBG32",-12.335155,-63.239459,"white_lipped_pecary","4/12/2020","7:39"
"1859","Guapore","RBG32",-12.335155,-63.239459,"white_lipped_pecary","4/12/2020","11:38"
"1875","Guapore","RBG34",-12.317431,-63.25571,"white_lipped_pecary","31/10/2020","9:07"
"1876","Guapore","RBG34",-12.317431,-63.25571,"white_lipped_pecary","1/11/2020","8:53"
"1877","Guapore","RBG34",-12.317431,-63.25571,"white_lipped_pecary","1/11/2020","14:23"
"1878","Guapore","RBG34",-12.317431,-63.25571,"white_lipped_pecary","1/11/2020","16:50"
"1879","Guapore","RBG34",-12.317431,-63.25571,"white_lipped_pecary","2/11/2020","12:33"
"1880","Guapore","RBG34",-12.317431,-63.25571,"white_lipped_pecary","2/11/2020","14:47"
"1881","Guapore","RBG34",-12.317431,-63.25571,"white_lipped_pecary","2/11/2020","17:46"
"1882","Guapore","RBG34",-12.317431,-63.25571,"white_lipped_pecary","2/11/2020","19:04"
"1883","Guapore","RBG34",-12.317431,-63.25571,"white_lipped_pecary","3/11/2020","17:40"
"1884","Guapore","RBG34",-12.317431,-63.25571,"white_lipped_pecary","4/11/2020","7:05"
"1885","Guapore","RBG34",-12.317431,-63.25571,"white_lipped_pecary","4/11/2020","7:48"
"1886","Guapore","RBG34",-12.317431,-63.25571,"white_lipped_pecary","4/11/2020","8:50"
"1887","Guapore","RBG34",-12.317431,-63.25571,"white_lipped_pecary","4/11/2020","14:34"
"1888","Guapore","RBG34",-12.317431,-63.25571,"white_lipped_pecary","5/11/2020","8:04"
"1889","Guapore","RBG34",-12.317431,-63.25571,"white_lipped_pecary","5/11/2020","8:43"
"1890","Guapore","RBG34",-12.317431,-63.25571,"white_lipped_pecary","5/11/2020","9:58"
"1891","Guapore","RBG34",-12.317431,-63.25571,"white_lipped_pecary","5/11/2020","13:15"
"1892","Guapore","RBG34",-12.317431,-63.25571,"white_lipped_pecary","5/11/2020","16:02"
"1893","Guapore","RBG34",-12.317431,-63.25571,"white_lipped_pecary","5/11/2020","16:39"
"1894","Guapore","RBG34",-12.317431,-63.25571,"white_lipped_pecary","5/11/2020","17:30"
"1895","Guapore","RBG34",-12.317431,-63.25571,"white_lipped_pecary","6/11/2020","9:11"
"1896","Guapore","RBG34",-12.317431,-63.25571,"white_lipped_pecary","6/11/2020","10:23"
"1897","Guapore","RBG34",-12.317431,-63.25571,"white_lipped_pecary","6/11/2020","16:51"
"1898","Guapore","RBG34",-12.317431,-63.25571,"white_lipped_pecary","7/11/2020","5:35"
"1899","Guapore","RBG34",-12.317431,-63.25571,"white_lipped_pecary","7/11/2020","8:45"
"1900","Guapore","RBG34",-12.317431,-63.25571,"white_lipped_pecary","7/11/2020","9:15"
"1901","Guapore","RBG34",-12.317431,-63.25571,"white_lipped_pecary","7/11/2020","11:00"
"1902","Guapore","RBG34",-12.317431,-63.25571,"white_lipped_pecary","7/11/2020","16:21"
"1903","Guapore","RBG34",-12.317431,-63.25571,"white_lipped_pecary","7/11/2020","17:02"
"1904","Guapore","RBG34",-12.317431,-63.25571,"white_lipped_pecary","7/11/2020","17:54"
"1906","Guapore","RBG34",-12.317431,-63.25571,"white_lipped_pecary","8/11/2020","6:55"
"1907","Guapore","RBG34",-12.317431,-63.25571,"white_lipped_pecary","8/11/2020","9:45"
"1908","Guapore","RBG34",-12.317431,-63.25571,"white_lipped_pecary","8/11/2020","10:15"
"1909","Guapore","RBG34",-12.317431,-63.25571,"white_lipped_pecary","8/11/2020","11:27"
"1910","Guapore","RBG34",-12.317431,-63.25571,"white_lipped_pecary","8/11/2020","16:46"
"1911","Guapore","RBG34",-12.317431,-63.25571,"white_lipped_pecary","8/11/2020","17:18"
"1912","Guapore","RBG34",-12.317431,-63.25571,"white_lipped_pecary","9/11/2020","7:41"
"1913","Guapore","RBG34",-12.317431,-63.25571,"white_lipped_pecary","9/11/2020","9:08"
"1914","Guapore","RBG34",-12.317431,-63.25571,"white_lipped_pecary","9/11/2020","10:37"
"1915","Guapore","RBG34",-12.317431,-63.25571,"white_lipped_pecary","9/11/2020","11:52"
"1916","Guapore","RBG34",-12.317431,-63.25571,"white_lipped_pecary","9/11/2020","13:10"
"1917","Guapore","RBG34",-12.317431,-63.25571,"white_lipped_pecary","9/11/2020","13:47"
"1918","Guapore","RBG34",-12.317431,-63.25571,"white_lipped_pecary","9/11/2020","14:34"
"1919","Guapore","RBG34",-12.317431,-63.25571,"white_lipped_pecary","9/11/2020","16:05"
"1920","Guapore","RBG34",-12.317431,-63.25571,"white_lipped_pecary","10/11/2020","7:43"
"1921","Guapore","RBG34",-12.317431,-63.25571,"white_lipped_pecary","10/11/2020","10:56"
"1922","Guapore","RBG34",-12.317431,-63.25571,"white_lipped_pecary","10/11/2020","11:53"
"1923","Guapore","RBG34",-12.317431,-63.25571,"white_lipped_pecary","10/11/2020","13:08"
"1924","Guapore","RBG34",-12.317431,-63.25571,"white_lipped_pecary","11/11/2020","7:09"
"1925","Guapore","RBG34",-12.317431,-63.25571,"white_lipped_pecary","11/11/2020","8:36"
"1926","Guapore","RBG34",-12.317431,-63.25571,"white_lipped_pecary","11/11/2020","10:14"
"1927","Guapore","RBG34",-12.317431,-63.25571,"white_lipped_pecary","11/11/2020","11:00"
"1928","Guapore","RBG34",-12.317431,-63.25571,"white_lipped_pecary","11/11/2020","11:35"
"1929","Guapore","RBG34",-12.317431,-63.25571,"white_lipped_pecary","11/11/2020","16:42"
"1930","Guapore","RBG34",-12.317431,-63.25571,"white_lipped_pecary","11/11/2020","17:22"
"1931","Guapore","RBG34",-12.317431,-63.25571,"white_lipped_pecary","11/11/2020","18:11"
"1932","Guapore","RBG34",-12.317431,-63.25571,"white_lipped_pecary","12/11/2020","7:28"
"1934","Guapore","RBG34",-12.317431,-63.25571,"white_lipped_pecary","12/11/2020","8:38"
"1935","Guapore","RBG34",-12.317431,-63.25571,"white_lipped_pecary","12/11/2020","12:04"
"1936","Guapore","RBG34",-12.317431,-63.25571,"white_lipped_pecary","12/11/2020","16:42"
"1937","Guapore","RBG34",-12.317431,-63.25571,"white_lipped_pecary","13/11/2020","6:42"
"1938","Guapore","RBG34",-12.317431,-63.25571,"white_lipped_pecary","13/11/2020","8:04"
"1939","Guapore","RBG34",-12.317431,-63.25571,"white_lipped_pecary","13/11/2020","8:30"
"1940","Guapore","RBG34",-12.317431,-63.25571,"white_lipped_pecary","13/11/2020","11:02"
"1942","Guapore","RBG34",-12.317431,-63.25571,"white_lipped_pecary","13/11/2020","14:10"
"1943","Guapore","RBG34",-12.317431,-63.25571,"white_lipped_pecary","13/11/2020","15:20"
"1944","Guapore","RBG34",-12.317431,-63.25571,"white_lipped_pecary","13/11/2020","16:29"
"1945","Guapore","RBG34",-12.317431,-63.25571,"white_lipped_pecary","13/11/2020","16:59"
"1946","Guapore","RBG34",-12.317431,-63.25571,"white_lipped_pecary","14/11/2020","7:44"
"1947","Guapore","RBG34",-12.317431,-63.25571,"white_lipped_pecary","14/11/2020","8:16"
"1948","Guapore","RBG34",-12.317431,-63.25571,"white_lipped_pecary","14/11/2020","8:54"
"1949","Guapore","RBG34",-12.317431,-63.25571,"white_lipped_pecary","14/11/2020","9:24"
"1950","Guapore","RBG34",-12.317431,-63.25571,"white_lipped_pecary","14/11/2020","14:01"
"1951","Guapore","RBG34",-12.317431,-63.25571,"white_lipped_pecary","14/11/2020","16:01"
"1952","Guapore","RBG34",-12.317431,-63.25571,"white_lipped_pecary","15/11/2020","7:58"
"1953","Guapore","RBG34",-12.317431,-63.25571,"white_lipped_pecary","15/11/2020","8:49"
"1954","Guapore","RBG34",-12.317431,-63.25571,"white_lipped_pecary","15/11/2020","12:13"
"1955","Guapore","RBG34",-12.317431,-63.25571,"white_lipped_pecary","15/11/2020","14:01"
"1956","Guapore","RBG34",-12.317431,-63.25571,"white_lipped_pecary","15/11/2020","16:08"
"1957","Guapore","RBG34",-12.317431,-63.25571,"white_lipped_pecary","16/11/2020","6:51"
"1958","Guapore","RBG34",-12.317431,-63.25571,"white_lipped_pecary","16/11/2020","8:04"
"1959","Guapore","RBG34",-12.317431,-63.25571,"white_lipped_pecary","16/11/2020","9:16"
"1960","Guapore","RBG34",-12.317431,-63.25571,"white_lipped_pecary","16/11/2020","9:46"
"1961","Guapore","RBG34",-12.317431,-63.25571,"white_lipped_pecary","16/11/2020","16:28"
"1962","Guapore","RBG34",-12.317431,-63.25571,"white_lipped_pecary","16/11/2020","17:26"
"1964","Guapore","RBG34",-12.317431,-63.25571,"white_lipped_pecary","16/11/2020","18:24"
"1965","Guapore","RBG34",-12.317431,-63.25571,"white_lipped_pecary","17/11/2020","5:46"
"1966","Guapore","RBG34",-12.317431,-63.25571,"white_lipped_pecary","17/11/2020","7:22"
"1967","Guapore","RBG34",-12.317431,-63.25571,"white_lipped_pecary","17/11/2020","8:12"
"1968","Guapore","RBG34",-12.317431,-63.25571,"white_lipped_pecary","17/11/2020","9:37"
"1969","Guapore","RBG34",-12.317431,-63.25571,"white_lipped_pecary","17/11/2020","11:33"
"1970","Guapore","RBG34",-12.317431,-63.25571,"white_lipped_pecary","17/11/2020","14:46"
"1971","Guapore","RBG34",-12.317431,-63.25571,"white_lipped_pecary","17/11/2020","15:57"
"1972","Guapore","RBG34",-12.317431,-63.25571,"white_lipped_pecary","17/11/2020","17:04"
"1973","Guapore","RBG34",-12.317431,-63.25571,"white_lipped_pecary","18/11/2020","7:49"
"1974","Guapore","RBG34",-12.317431,-63.25571,"white_lipped_pecary","18/11/2020","8:34"
"1975","Guapore","RBG34",-12.317431,-63.25571,"white_lipped_pecary","18/11/2020","10:47"
"1976","Guapore","RBG34",-12.317431,-63.25571,"white_lipped_pecary","18/11/2020","11:07"
"1977","Guapore","RBG34",-12.317431,-63.25571,"white_lipped_pecary","18/11/2020","12:30"
"1978","Guapore","RBG34",-12.317431,-63.25571,"white_lipped_pecary","18/11/2020","17:01"
"1979","Guapore","RBG34",-12.317431,-63.25571,"white_lipped_pecary","18/11/2020","18:03"
"1980","Guapore","RBG34",-12.317431,-63.25571,"white_lipped_pecary","19/11/2020","6:37"
"1981","Guapore","RBG34",-12.317431,-63.25571,"white_lipped_pecary","19/11/2020","9:10"
"1982","Guapore","RBG34",-12.317431,-63.25571,"white_lipped_pecary","19/11/2020","10:35"
"1983","Guapore","RBG34",-12.317431,-63.25571,"white_lipped_pecary","19/11/2020","12:52"
"1984","Guapore","RBG34",-12.317431,-63.25571,"white_lipped_pecary","19/11/2020","16:38"
"1985","Guapore","RBG34",-12.317431,-63.25571,"white_lipped_pecary","19/11/2020","18:04"
"1987","Guapore","RBG34",-12.317431,-63.25571,"white_lipped_pecary","20/11/2020","7:29"
"1988","Guapore","RBG34",-12.317431,-63.25571,"white_lipped_pecary","20/11/2020","7:59"
"1989","Guapore","RBG34",-12.317431,-63.25571,"white_lipped_pecary","20/11/2020","8:35"
"1990","Guapore","RBG34",-12.317431,-63.25571,"white_lipped_pecary","20/11/2020","9:27"
"1991","Guapore","RBG34",-12.317431,-63.25571,"white_lipped_pecary","20/11/2020","12:49"
"1992","Guapore","RBG34",-12.317431,-63.25571,"white_lipped_pecary","20/11/2020","13:30"
"1993","Guapore","RBG34",-12.317431,-63.25571,"white_lipped_pecary","20/11/2020","14:25"
"1994","Guapore","RBG34",-12.317431,-63.25571,"white_lipped_pecary","20/11/2020","16:29"
"1996","Guapore","RBG34",-12.317431,-63.25571,"white_lipped_pecary","21/11/2020","7:46"
"1997","Guapore","RBG34",-12.317431,-63.25571,"white_lipped_pecary","21/11/2020","9:06"
"1998","Guapore","RBG34",-12.317431,-63.25571,"white_lipped_pecary","21/11/2020","11:13"
"1999","Guapore","RBG34",-12.317431,-63.25571,"white_lipped_pecary","21/11/2020","14:44"
"2000","Guapore","RBG34",-12.317431,-63.25571,"white_lipped_pecary","21/11/2020","15:34"
"2001","Guapore","RBG34",-12.317431,-63.25571,"white_lipped_pecary","21/11/2020","18:17"
"2002","Guapore","RBG34",-12.317431,-63.25571,"white_lipped_pecary","22/11/2020","5:55"
"2003","Guapore","RBG34",-12.317431,-63.25571,"white_lipped_pecary","22/11/2020","8:19"
"2004","Guapore","RBG34",-12.317431,-63.25571,"white_lipped_pecary","22/11/2020","9:01"
"2005","Guapore","RBG34",-12.317431,-63.25571,"white_lipped_pecary","22/11/2020","11:20"
"2006","Guapore","RBG34",-12.317431,-63.25571,"white_lipped_pecary","22/11/2020","13:57"
"2008","Guapore","RBG34",-12.317431,-63.25571,"white_lipped_pecary","23/11/2020","5:51"
"2009","Guapore","RBG34",-12.317431,-63.25571,"white_lipped_pecary","23/11/2020","7:39"
"2010","Guapore","RBG34",-12.317431,-63.25571,"white_lipped_pecary","23/11/2020","8:38"
"2011","Guapore","RBG34",-12.317431,-63.25571,"white_lipped_pecary","23/11/2020","9:51"
"2012","Guapore","RBG34",-12.317431,-63.25571,"white_lipped_pecary","23/11/2020","10:58"
"2014","Guapore","RBG34",-12.317431,-63.25571,"white_lipped_pecary","23/11/2020","17:09"
"2015","Guapore","RBG34",-12.317431,-63.25571,"white_lipped_pecary","24/11/2020","9:51"
"2016","Guapore","RBG34",-12.317431,-63.25571,"white_lipped_pecary","24/11/2020","12:14"
"2017","Guapore","RBG34",-12.317431,-63.25571,"white_lipped_pecary","24/11/2020","17:43"
"2018","Guapore","RBG34",-12.317431,-63.25571,"white_lipped_pecary","25/11/2020","5:34"
"2019","Guapore","RBG34",-12.317431,-63.25571,"white_lipped_pecary","25/11/2020","7:10"
"2020","Guapore","RBG34",-12.317431,-63.25571,"white_lipped_pecary","26/11/2020","7:50"
"2021","Guapore","RBG34",-12.317431,-63.25571,"white_lipped_pecary","26/11/2020","8:22"
"2022","Guapore","RBG34",-12.317431,-63.25571,"white_lipped_pecary","26/11/2020","10:08"
"2023","Guapore","RBG34",-12.317431,-63.25571,"white_lipped_pecary","26/11/2020","11:52"
"2024","Guapore","RBG34",-12.317431,-63.25571,"white_lipped_pecary","26/11/2020","12:27"
"2025","Guapore","RBG34",-12.317431,-63.25571,"white_lipped_pecary","26/11/2020","14:37"
"2026","Guapore","RBG34",-12.317431,-63.25571,"white_lipped_pecary","26/11/2020","15:07"
"2027","Guapore","RBG34",-12.317431,-63.25571,"white_lipped_pecary","27/11/2020","5:58"
"2028","Guapore","RBG34",-12.317431,-63.25571,"white_lipped_pecary","27/11/2020","6:49"
"2029","Guapore","RBG34",-12.317431,-63.25571,"white_lipped_pecary","27/11/2020","7:30"
"2030","Guapore","RBG34",-12.317431,-63.25571,"white_lipped_pecary","27/11/2020","8:09"
"2031","Guapore","RBG34",-12.317431,-63.25571,"white_lipped_pecary","27/11/2020","8:58"
"2032","Guapore","RBG34",-12.317431,-63.25571,"white_lipped_pecary","27/11/2020","10:10"
"2033","Guapore","RBG34",-12.317431,-63.25571,"white_lipped_pecary","28/11/2020","8:40"
"2034","Guapore","RBG34",-12.317431,-63.25571,"white_lipped_pecary","28/11/2020","10:58"
"2035","Guapore","RBG34",-12.317431,-63.25571,"white_lipped_pecary","28/11/2020","11:49"
"2036","Guapore","RBG34",-12.317431,-63.25571,"white_lipped_pecary","28/11/2020","12:28"
"2037","Guapore","RBG34",-12.317431,-63.25571,"white_lipped_pecary","28/11/2020","13:08"
"2038","Guapore","RBG34",-12.317431,-63.25571,"white_lipped_pecary","28/11/2020","13:44"
"2039","Guapore","RBG34",-12.317431,-63.25571,"white_lipped_pecary","28/11/2020","15:47"
"2041","Guapore","RBG34",-12.317431,-63.25571,"white_lipped_pecary","29/11/2020","10:00"
"2042","Guapore","RBG34",-12.317431,-63.25571,"white_lipped_pecary","30/11/2020","7:41"
"2043","Guapore","RBG34",-12.317431,-63.25571,"white_lipped_pecary","30/11/2020","11:09"
"2044","Guapore","RBG34",-12.317431,-63.25571,"white_lipped_pecary","30/11/2020","17:41"
"2045","Guapore","RBG34",-12.317431,-63.25571,"white_lipped_pecary","1/12/2020","8:28"
"2046","Guapore","RBG34",-12.317431,-63.25571,"white_lipped_pecary","1/12/2020","17:08"
"2047","Guapore","RBG34",-12.317431,-63.25571,"white_lipped_pecary","4/12/2020","9:15"
"2048","Guapore","RBG34",-12.317431,-63.25571,"white_lipped_pecary","4/12/2020","14:56"
"2049","Guapore","RBG34",-12.317431,-63.25571,"white_lipped_pecary","4/12/2020","15:42"
"2050","Guapore","RBG34",-12.317431,-63.25571,"white_lipped_pecary","5/12/2020","10:00"
"2051","Guapore","RBG34",-12.317431,-63.25571,"white_lipped_pecary","5/12/2020","11:33"
"2052","Guapore","RBG34",-12.317431,-63.25571,"white_lipped_pecary","6/12/2020","9:51"
"2053","Guapore","RBG34",-12.317431,-63.25571,"white_lipped_pecary","6/12/2020","11:12"
"2054","Guapore","RBG35",-12.326922,-63.276976,"white_lipped_pecary","29/10/2020","13:42"
"2056","Guapore","RBG35",-12.326922,-63.276976,"white_lipped_pecary","31/10/2020","14:30"
"2057","Guapore","RBG35",-12.326922,-63.276976,"white_lipped_pecary","1/11/2020","17:31"
"2063","Guapore","RBG35",-12.326922,-63.276976,"white_lipped_pecary","8/11/2020","19:04"
"2064","Guapore","RBG35",-12.326922,-63.276976,"white_lipped_pecary","9/11/2020","9:41"
"2065","Guapore","RBG35",-12.326922,-63.276976,"white_lipped_pecary","10/11/2020","10:35"
"2066","Guapore","RBG35",-12.326922,-63.276976,"white_lipped_pecary","13/11/2020","17:38"
"2067","Guapore","RBG35",-12.326922,-63.276976,"white_lipped_pecary","14/11/2020","13:08"
"2068","Guapore","RBG35",-12.326922,-63.276976,"white_lipped_pecary","14/11/2020","15:44"
"2069","Guapore","RBG35",-12.326922,-63.276976,"white_lipped_pecary","15/11/2020","17:20"
"2070","Guapore","RBG35",-12.326922,-63.276976,"white_lipped_pecary","16/11/2020","11:46"
"2071","Guapore","RBG35",-12.326922,-63.276976,"white_lipped_pecary","16/11/2020","17:54"
"2072","Guapore","RBG35",-12.326922,-63.276976,"white_lipped_pecary","16/11/2020","19:47"
"2073","Guapore","RBG35",-12.326922,-63.276976,"white_lipped_pecary","17/11/2020","17:22"
"2075","Guapore","RBG35",-12.326922,-63.276976,"white_lipped_pecary","18/11/2020","17:11"
"2076","Guapore","RBG35",-12.326922,-63.276976,"white_lipped_pecary","20/11/2020","15:47"
"2077","Guapore","RBG35",-12.326922,-63.276976,"white_lipped_pecary","20/11/2020","16:46"
"2079","Guapore","RBG35",-12.326922,-63.276976,"white_lipped_pecary","21/11/2020","16:57"
"2082","Guapore","RBG35",-12.326922,-63.276976,"white_lipped_pecary","23/11/2020","5:30"
"2084","Guapore","RBG35",-12.326922,-63.276976,"white_lipped_pecary","24/11/2020","19:10"
"2086","Guapore","RBG35",-12.326922,-63.276976,"white_lipped_pecary","25/11/2020","21:48"
"2087","Guapore","RBG35",-12.326922,-63.276976,"white_lipped_pecary","26/11/2020","8:05"
"2088","Guapore","RBG35",-12.326922,-63.276976,"white_lipped_pecary","26/11/2020","11:37"
"2090","Guapore","RBG35",-12.326922,-63.276976,"white_lipped_pecary","27/11/2020","8:41"
"2091","Guapore","RBG35",-12.326922,-63.276976,"white_lipped_pecary","27/11/2020","10:06"
"2092","Guapore","RBG35",-12.326922,-63.276976,"white_lipped_pecary","27/11/2020","17:01"
"2094","Guapore","RBG35",-12.326922,-63.276976,"white_lipped_pecary","28/11/2020","8:59"
"2095","Guapore","RBG35",-12.326922,-63.276976,"white_lipped_pecary","28/11/2020","9:31"
"2096","Guapore","RBG35",-12.326922,-63.276976,"white_lipped_pecary","28/11/2020","10:12"
"2097","Guapore","RBG35",-12.326922,-63.276976,"white_lipped_pecary","28/11/2020","17:45"
"2099","Guapore","RBG35",-12.326922,-63.276976,"white_lipped_pecary","29/11/2020","17:38"
"2101","Guapore","RBG35",-12.326922,-63.276976,"white_lipped_pecary","1/12/2020","11:13"
"2102","Guapore","RBG35",-12.326922,-63.276976,"white_lipped_pecary","2/12/2020","16:27"
"2103","Guapore","RBG35",-12.326922,-63.276976,"white_lipped_pecary","2/12/2020","18:35"
"2104","Guapore","RBG35",-12.326922,-63.276976,"white_lipped_pecary","3/12/2020","12:34"
"2105","Guapore","RBG35",-12.326922,-63.276976,"white_lipped_pecary","3/12/2020","23:07"
"2106","Guapore","RBG35",-12.326922,-63.276976,"white_lipped_pecary","4/12/2020","1:22"
"2107","Guapore","RBG35",-12.326922,-63.276976,"white_lipped_pecary","4/12/2020","8:14"
"2110","Guapore","RBG36",-12.286028,-63.233666,"white_lipped_pecary","3/11/2020","6:30"
"2116","Guapore","RBG36",-12.286028,-63.233666,"white_lipped_pecary","2/12/2020","17:08"
"2117","Guapore","RBG36",-12.286028,-63.233666,"white_lipped_pecary","4/12/2020","10:48"
"2121","Guapore","RBG37",-12.303103,-63.25502,"white_lipped_pecary","31/10/2020","19:38"
"2124","Guapore","RBG37",-12.303103,-63.25502,"white_lipped_pecary","5/11/2020","8:12"
"2130","Guapore","RBG37",-12.303103,-63.25502,"white_lipped_pecary","18/11/2020","11:17"
"2131","Guapore","RBG37",-12.303103,-63.25502,"white_lipped_pecary","18/11/2020","14:14"
"2132","Guapore","RBG37",-12.303103,-63.25502,"white_lipped_pecary","18/11/2020","14:44"
"2135","Guapore","RBG37",-12.303103,-63.25502,"white_lipped_pecary","20/11/2020","4:18"
"2139","Guapore","RBG37",-12.303103,-63.25502,"white_lipped_pecary","25/11/2020","19:03"
"2142","Guapore","RBG37",-12.303103,-63.25502,"white_lipped_pecary","30/11/2020","0:06"
"2170","Guapore","RBG39",-12.340336,-63.370823,"white_lipped_pecary","1/11/2020","15:55"
"2171","Guapore","RBG39",-12.340336,-63.370823,"white_lipped_pecary","4/11/2020","9:54"
"2183","Guapore","RBG39",-12.340336,-63.370823,"white_lipped_pecary","3/12/2020","16:53"
"2207","Guapore","RBG40",-12.318994,-63.360404,"white_lipped_pecary","15/11/2020","6:43"
"2209","Guapore","RBG40",-12.318994,-63.360404,"white_lipped_pecary","15/11/2020","17:43"
"2217","Guapore","RBG40",-12.318994,-63.360404,"white_lipped_pecary","23/11/2020","13:13"
"2242","Guapore","RBG41",-12.556786,-63.439165,"white_lipped_pecary","15/11/2020","8:40"
"2292","Guapore","RBG43",-12.568537,-63.425028,"white_lipped_pecary","3/12/2020","1:50"
"2293","Guapore","RBG43",-12.568537,-63.425028,"white_lipped_pecary","5/12/2020","8:56"
"2310","Guapore","RBG46",-12.557167,-63.457458,"white_lipped_pecary","19/11/2020","10:31"
"2395","Guapore","RBG47",-12.555819,-63.475403,"white_lipped_pecary","4/11/2020","8:38"
"2396","Guapore","RBG47",-12.555819,-63.475403,"white_lipped_pecary","4/11/2020","9:08"
"2403","Guapore","RBG47",-12.555819,-63.475403,"white_lipped_pecary","15/11/2020","9:47"
"2404","Guapore","RBG47",-12.555819,-63.475403,"white_lipped_pecary","15/11/2020","11:08"
"2406","Guapore","RBG47",-12.555819,-63.475403,"white_lipped_pecary","17/11/2020","7:53"
"2435","Guapore","RBG54",-12.538747,-63.399795,"white_lipped_pecary","25/11/2020","9:09"
"2439","Guapore","RBG54",-12.538747,-63.399795,"white_lipped_pecary","5/12/2020","16:21"
"1695","Guapore","RBG28",-12.347702,-63.287797,"brown_brocket_deer","4/12/2020","12:58"
"1861","Guapore","RBG33",-12.334878,-63.220402,"brown_brocket_deer","5/11/2020","9:46"
"1862","Guapore","RBG33",-12.334878,-63.220402,"brown_brocket_deer","7/11/2020","15:49"
"1863","Guapore","RBG33",-12.334878,-63.220402,"brown_brocket_deer","8/11/2020","10:17"
"1866","Guapore","RBG33",-12.334878,-63.220402,"brown_brocket_deer","14/11/2020","16:45"
"1869","Guapore","RBG33",-12.334878,-63.220402,"brown_brocket_deer","22/11/2020","18:03"
"1905","Guapore","RBG34",-12.317431,-63.25571,"brown_brocket_deer","8/11/2020","6:03"
"1423","Guapore","RBG23",-12.308763,-63.321249,"armadillo","2/11/2020","23:44"
"1457","Guapore","RBG26",-12.334778,-63.325406,"armadillo","1/11/2020","19:19"
"1459","Guapore","RBG26",-12.334778,-63.325406,"armadillo","3/11/2020","19:23"
"1460","Guapore","RBG26",-12.334778,-63.325406,"armadillo","3/11/2020","20:30"
"1463","Guapore","RBG26",-12.334778,-63.325406,"armadillo","5/11/2020","19:23"
"1465","Guapore","RBG26",-12.334778,-63.325406,"armadillo","6/11/2020","18:53"
"1468","Guapore","RBG26",-12.334778,-63.325406,"armadillo","8/11/2020","19:42"
"1471","Guapore","RBG26",-12.334778,-63.325406,"armadillo","10/11/2020","20:22"
"1474","Guapore","RBG26",-12.334778,-63.325406,"armadillo","12/11/2020","21:01"
"1475","Guapore","RBG26",-12.334778,-63.325406,"armadillo","13/11/2020","18:52"
"1476","Guapore","RBG26",-12.334778,-63.325406,"armadillo","14/11/2020","19:09"
"1480","Guapore","RBG26",-12.334778,-63.325406,"armadillo","16/11/2020","19:42"
"1483","Guapore","RBG26",-12.334778,-63.325406,"armadillo","17/11/2020","20:59"
"1484","Guapore","RBG26",-12.334778,-63.325406,"armadillo","18/11/2020","21:44"
"1487","Guapore","RBG26",-12.334778,-63.325406,"armadillo","19/11/2020","18:56"
"1488","Guapore","RBG26",-12.334778,-63.325406,"armadillo","20/11/2020","22:48"
"1490","Guapore","RBG26",-12.334778,-63.325406,"armadillo","21/11/2020","21:51"
"1491","Guapore","RBG26",-12.334778,-63.325406,"armadillo","22/11/2020","1:10"
"1493","Guapore","RBG26",-12.334778,-63.325406,"armadillo","22/11/2020","22:48"
"1496","Guapore","RBG26",-12.334778,-63.325406,"armadillo","24/11/2020","1:21"
"1499","Guapore","RBG26",-12.334778,-63.325406,"armadillo","25/11/2020","22:43"
"1500","Guapore","RBG26",-12.334778,-63.325406,"armadillo","27/11/2020","1:40"
"1501","Guapore","RBG26",-12.334778,-63.325406,"armadillo","30/11/2020","18:57"
"1505","Guapore","RBG26",-12.334778,-63.325406,"armadillo","2/12/2020","18:26"
"1506","Guapore","RBG26",-12.334778,-63.325406,"armadillo","2/12/2020","19:25"
"1507","Guapore","RBG26",-12.334778,-63.325406,"armadillo","4/12/2020","18:35"
"1508","Guapore","RBG26",-12.334778,-63.325406,"armadillo","4/12/2020","21:25"
"1509","Guapore","RBG26",-12.334778,-63.325406,"armadillo","5/12/2020","19:03"
"1524","Guapore","RBG24",-12.322012,-63.314734,"armadillo","15/11/2020","23:18"
"1556","Guapore","RBG25",-12.332126,-63.297824,"armadillo","3/12/2020","0:39"
"1570","Guapore","RBG27",-12.346984,-63.313226,"armadillo","6/11/2020","23:00"
"1643","Guapore","RBG28",-12.347702,-63.287797,"armadillo","3/11/2020","22:04"
"1646","Guapore","RBG28",-12.347702,-63.287797,"armadillo","6/11/2020","4:22"
"1653","Guapore","RBG28",-12.347702,-63.287797,"armadillo","9/11/2020","20:24"
"1668","Guapore","RBG28",-12.347702,-63.287797,"armadillo","14/11/2020","4:13"
"1675","Guapore","RBG28",-12.347702,-63.287797,"armadillo","18/11/2020","21:34"
"1711","Guapore","RBG29",-12.314524,-63.336543,"armadillo","14/11/2020","19:56"
"1713","Guapore","RBG29",-12.314524,-63.336543,"armadillo","15/11/2020","21:23"
"1726","Guapore","RBG29",-12.314524,-63.336543,"armadillo","5/12/2020","21:53"
"2061","Guapore","RBG35",-12.326922,-63.276976,"armadillo","7/11/2020","20:33"
"2062","Guapore","RBG35",-12.326922,-63.276976,"armadillo","7/11/2020","23:45"
"2078","Guapore","RBG35",-12.326922,-63.276976,"armadillo","21/11/2020","3:22"
"2089","Guapore","RBG35",-12.326922,-63.276976,"armadillo","26/11/2020","21:29"
"2134","Guapore","RBG37",-12.303103,-63.25502,"armadillo","18/11/2020","21:13"
"2174","Guapore","RBG39",-12.340336,-63.370823,"armadillo","9/11/2020","23:39"
"2175","Guapore","RBG39",-12.340336,-63.370823,"armadillo","10/11/2020","21:32"
"2198","Guapore","RBG40",-12.318994,-63.360404,"armadillo","9/11/2020","2:04"
"2199","Guapore","RBG40",-12.318994,-63.360404,"armadillo","9/11/2020","2:40"
"2228","Guapore","RBG41",-12.556786,-63.439165,"armadillo","6/11/2020","22:14"
"2233","Guapore","RBG41",-12.556786,-63.439165,"armadillo","10/11/2020","1:12"
"2238","Guapore","RBG41",-12.556786,-63.439165,"armadillo","12/11/2020","21:47"
"2247","Guapore","RBG41",-12.556786,-63.439165,"armadillo","18/11/2020","21:43"
"2253","Guapore","RBG41",-12.556786,-63.439165,"armadillo","22/11/2020","1:01"
"2257","Guapore","RBG41",-12.556786,-63.439165,"armadillo","24/11/2020","1:59"
"2266","Guapore","RBG41",-12.556786,-63.439165,"armadillo","3/12/2020","21:53"
"2268","Guapore","RBG41",-12.556786,-63.439165,"armadillo","5/12/2020","21:58"
"2269","Guapore","RBG41",-12.556786,-63.439165,"armadillo","6/12/2020","12:59"
"2270","Guapore","RBG41",-12.556786,-63.439165,"armadillo","7/12/2020","23:24"
"2298","Guapore","RBG46",-12.557167,-63.457458,"armadillo","14/11/2020","0:04"
"2335","Guapore","RBG46",-12.557167,-63.457458,"armadillo","26/11/2020","2:38"
"2353","Guapore","RBG46",-12.557167,-63.457458,"armadillo","30/11/2020","2:24"
"1333","Guapore","RBG21",-12.303438,-63.346578,"crab_eating_fox","22/11/2020","1:29"
